Year,SERIES,UNIT_MEASURE,Type of product,Value
2000,"Domestic material consumption per capita, by type of raw material",TONNES,No breakdown,6.20325
2001,"Domestic material consumption per capita, by type of raw material",TONNES,No breakdown,6.52651
2002,"Domestic material consumption per capita, by type of raw material",TONNES,No breakdown,6.98936
2003,"Domestic material consumption per capita, by type of raw material",TONNES,No breakdown,8.36171
2004,"Domestic material consumption per capita, by type of raw material",TONNES,No breakdown,8.58584
2005,"Domestic material consumption per capita, by type of raw material",TONNES,No breakdown,8.5121
2006,"Domestic material consumption per capita, by type of raw material",TONNES,No breakdown,9.59811
2007,"Domestic material consumption per capita, by type of raw material",TONNES,No breakdown,9.84437
2008,"Domestic material consumption per capita, by type of raw material",TONNES,No breakdown,11.03524
2009,"Domestic material consumption per capita, by type of raw material",TONNES,No breakdown,10.76953
2010,"Domestic material consumption per capita, by type of raw material",TONNES,No breakdown,10.43052
2011,"Domestic material consumption per capita, by type of raw material",TONNES,No breakdown,10.95079
2012,"Domestic material consumption per capita, by type of raw material",TONNES,No breakdown,10.80053
2013,"Domestic material consumption per capita, by type of raw material",TONNES,No breakdown,11.64394
2014,"Domestic material consumption per capita, by type of raw material",TONNES,No breakdown,11.99978
2015,"Domestic material consumption per capita, by type of raw material",TONNES,No breakdown,12.87167
2016,"Domestic material consumption per capita, by type of raw material",TONNES,No breakdown,13.46676
2017,"Domestic material consumption per capita, by type of raw material",TONNES,No breakdown,14.03086
2000,"Domestic material consumption per capita, by type of raw material",TONNES,Biomass,1.83865
2001,"Domestic material consumption per capita, by type of raw material",TONNES,Biomass,1.99191
2002,"Domestic material consumption per capita, by type of raw material",TONNES,Biomass,2.06105
2003,"Domestic material consumption per capita, by type of raw material",TONNES,Biomass,1.64703
2004,"Domestic material consumption per capita, by type of raw material",TONNES,Biomass,2.20122
2005,"Domestic material consumption per capita, by type of raw material",TONNES,Biomass,2.20271
2006,"Domestic material consumption per capita, by type of raw material",TONNES,Biomass,2.27674
2007,"Domestic material consumption per capita, by type of raw material",TONNES,Biomass,2.07786
2008,"Domestic material consumption per capita, by type of raw material",TONNES,Biomass,2.36453
2009,"Domestic material consumption per capita, by type of raw material",TONNES,Biomass,2.26643
2010,"Domestic material consumption per capita, by type of raw material",TONNES,Biomass,2.22894
2011,"Domestic material consumption per capita, by type of raw material",TONNES,Biomass,2.25276
2012,"Domestic material consumption per capita, by type of raw material",TONNES,Biomass,2.04753
2013,"Domestic material consumption per capita, by type of raw material",TONNES,Biomass,2.41833
2014,"Domestic material consumption per capita, by type of raw material",TONNES,Biomass,2.32517
2015,"Domestic material consumption per capita, by type of raw material",TONNES,Biomass,2.33974
2016,"Domestic material consumption per capita, by type of raw material",TONNES,Biomass,2.38356
2017,"Domestic material consumption per capita, by type of raw material",TONNES,Biomass,2.42138
2000,"Domestic material consumption per capita, by type of raw material",TONNES,Coal,1.95874
2001,"Domestic material consumption per capita, by type of raw material",TONNES,Coal,1.98739
2002,"Domestic material consumption per capita, by type of raw material",TONNES,Coal,2.0589
2003,"Domestic material consumption per capita, by type of raw material",TONNES,Coal,2.23034
2004,"Domestic material consumption per capita, by type of raw material",TONNES,Coal,2.25743
2005,"Domestic material consumption per capita, by type of raw material",TONNES,Coal,2.37444
2006,"Domestic material consumption per capita, by type of raw material",TONNES,Coal,2.59746
2007,"Domestic material consumption per capita, by type of raw material",TONNES,Coal,2.54557
2008,"Domestic material consumption per capita, by type of raw material",TONNES,Coal,2.94266
2009,"Domestic material consumption per capita, by type of raw material",TONNES,Coal,3.13034
2010,"Domestic material consumption per capita, by type of raw material",TONNES,Coal,3.0542
2011,"Domestic material consumption per capita, by type of raw material",TONNES,Coal,3.5599
2012,"Domestic material consumption per capita, by type of raw material",TONNES,Coal,3.44307
2013,"Domestic material consumption per capita, by type of raw material",TONNES,Coal,3.41609
2014,"Domestic material consumption per capita, by type of raw material",TONNES,Coal,3.45008
2015,"Domestic material consumption per capita, by type of raw material",TONNES,Coal,3.87561
2016,"Domestic material consumption per capita, by type of raw material",TONNES,Coal,4.01914
2017,"Domestic material consumption per capita, by type of raw material",TONNES,Coal,4.15315
2000,"Domestic material consumption per capita, by type of raw material",TONNES,Crop residues,0.33847
2001,"Domestic material consumption per capita, by type of raw material",TONNES,Crop residues,0.43254
2002,"Domestic material consumption per capita, by type of raw material",TONNES,Crop residues,0.49519
2003,"Domestic material consumption per capita, by type of raw material",TONNES,Crop residues,0.30454
2004,"Domestic material consumption per capita, by type of raw material",TONNES,Crop residues,0.54362
2005,"Domestic material consumption per capita, by type of raw material",TONNES,Crop residues,0.52028
2006,"Domestic material consumption per capita, by type of raw material",TONNES,Crop residues,0.51514
2007,"Domestic material consumption per capita, by type of raw material",TONNES,Crop residues,0.38189
2008,"Domestic material consumption per capita, by type of raw material",TONNES,Crop residues,0.52663
2009,"Domestic material consumption per capita, by type of raw material",TONNES,Crop residues,0.52943
2010,"Domestic material consumption per capita, by type of raw material",TONNES,Crop residues,0.43445
2011,"Domestic material consumption per capita, by type of raw material",TONNES,Crop residues,0.43745
2012,"Domestic material consumption per capita, by type of raw material",TONNES,Crop residues,0.34984
2013,"Domestic material consumption per capita, by type of raw material",TONNES,Crop residues,0.48102
2014,"Domestic material consumption per capita, by type of raw material",TONNES,Crop residues,0.43713
2015,"Domestic material consumption per capita, by type of raw material",TONNES,Crop residues,0.44109
2016,"Domestic material consumption per capita, by type of raw material",TONNES,Crop residues,0.44373
2017,"Domestic material consumption per capita, by type of raw material",TONNES,Crop residues,0.44522
2000,"Domestic material consumption per capita, by type of raw material",TONNES,Crops,0.78252
2001,"Domestic material consumption per capita, by type of raw material",TONNES,Crops,0.96035
2002,"Domestic material consumption per capita, by type of raw material",TONNES,Crops,0.91005
2003,"Domestic material consumption per capita, by type of raw material",TONNES,Crops,0.70382
2004,"Domestic material consumption per capita, by type of raw material",TONNES,Crops,1.16575
2005,"Domestic material consumption per capita, by type of raw material",TONNES,Crops,1.13724
2006,"Domestic material consumption per capita, by type of raw material",TONNES,Crops,1.0991
2007,"Domestic material consumption per capita, by type of raw material",TONNES,Crops,0.99999
2008,"Domestic material consumption per capita, by type of raw material",TONNES,Crops,1.12432
2009,"Domestic material consumption per capita, by type of raw material",TONNES,Crops,1.10228
2010,"Domestic material consumption per capita, by type of raw material",TONNES,Crops,1.02572
2011,"Domestic material consumption per capita, by type of raw material",TONNES,Crops,1.03314
2012,"Domestic material consumption per capita, by type of raw material",TONNES,Crops,0.91977
2013,"Domestic material consumption per capita, by type of raw material",TONNES,Crops,1.11168
2014,"Domestic material consumption per capita, by type of raw material",TONNES,Crops,1.11168
2015,"Domestic material consumption per capita, by type of raw material",TONNES,Crops,1.10318
2016,"Domestic material consumption per capita, by type of raw material",TONNES,Crops,1.12427
2017,"Domestic material consumption per capita, by type of raw material",TONNES,Crops,1.14253
2000,"Domestic material consumption per capita, by type of raw material",TONNES,Ferrous ores,0.09637
2001,"Domestic material consumption per capita, by type of raw material",TONNES,Ferrous ores,0.07
2002,"Domestic material consumption per capita, by type of raw material",TONNES,Ferrous ores,0.23643
2003,"Domestic material consumption per capita, by type of raw material",TONNES,Ferrous ores,0.07191
2004,"Domestic material consumption per capita, by type of raw material",TONNES,Ferrous ores,0.09727
2005,"Domestic material consumption per capita, by type of raw material",TONNES,Ferrous ores,0.51046
2006,"Domestic material consumption per capita, by type of raw material",TONNES,Ferrous ores,0.54694
2007,"Domestic material consumption per capita, by type of raw material",TONNES,Ferrous ores,0.5303
2008,"Domestic material consumption per capita, by type of raw material",TONNES,Ferrous ores,0.64051
2009,"Domestic material consumption per capita, by type of raw material",TONNES,Ferrous ores,0.62278
2010,"Domestic material consumption per capita, by type of raw material",TONNES,Ferrous ores,0.22601
2011,"Domestic material consumption per capita, by type of raw material",TONNES,Ferrous ores,0.28901
2012,"Domestic material consumption per capita, by type of raw material",TONNES,Ferrous ores,0.26201
2013,"Domestic material consumption per capita, by type of raw material",TONNES,Ferrous ores,0.36324
2014,"Domestic material consumption per capita, by type of raw material",TONNES,Ferrous ores,0.3897
2015,"Domestic material consumption per capita, by type of raw material",TONNES,Ferrous ores,0.42133
2016,"Domestic material consumption per capita, by type of raw material",TONNES,Ferrous ores,0.45209
2017,"Domestic material consumption per capita, by type of raw material",TONNES,Ferrous ores,0.4819
2000,"Domestic material consumption per capita, by type of raw material",TONNES,Fossil fuels,2.3088
2001,"Domestic material consumption per capita, by type of raw material",TONNES,Fossil fuels,2.31477
2002,"Domestic material consumption per capita, by type of raw material",TONNES,Fossil fuels,2.37475
2003,"Domestic material consumption per capita, by type of raw material",TONNES,Fossil fuels,2.53438
2004,"Domestic material consumption per capita, by type of raw material",TONNES,Fossil fuels,2.62888
2005,"Domestic material consumption per capita, by type of raw material",TONNES,Fossil fuels,2.73894
2006,"Domestic material consumption per capita, by type of raw material",TONNES,Fossil fuels,2.98715
2007,"Domestic material consumption per capita, by type of raw material",TONNES,Fossil fuels,2.96034
2008,"Domestic material consumption per capita, by type of raw material",TONNES,Fossil fuels,3.40927
2009,"Domestic material consumption per capita, by type of raw material",TONNES,Fossil fuels,3.61068
2010,"Domestic material consumption per capita, by type of raw material",TONNES,Fossil fuels,3.54872
2011,"Domestic material consumption per capita, by type of raw material",TONNES,Fossil fuels,3.54872
2012,"Domestic material consumption per capita, by type of raw material",TONNES,Fossil fuels,4.07718
2013,"Domestic material consumption per capita, by type of raw material",TONNES,Fossil fuels,3.9123
2014,"Domestic material consumption per capita, by type of raw material",TONNES,Fossil fuels,3.86773
2015,"Domestic material consumption per capita, by type of raw material",TONNES,Fossil fuels,4.32493
2016,"Domestic material consumption per capita, by type of raw material",TONNES,Fossil fuels,4.48257
2017,"Domestic material consumption per capita, by type of raw material",TONNES,Fossil fuels,4.62956
2000,"Domestic material consumption per capita, by type of raw material",TONNES,Natural gas,0.04529
2001,"Domestic material consumption per capita, by type of raw material",TONNES,Natural gas,0.0296
2002,"Domestic material consumption per capita, by type of raw material",TONNES,Natural gas,0.02797
2003,"Domestic material consumption per capita, by type of raw material",TONNES,Natural gas,0.03653
2004,"Domestic material consumption per capita, by type of raw material",TONNES,Natural gas,0.05754
2005,"Domestic material consumption per capita, by type of raw material",TONNES,Natural gas,0.06833
2006,"Domestic material consumption per capita, by type of raw material",TONNES,Natural gas,0.07193
2007,"Domestic material consumption per capita, by type of raw material",TONNES,Natural gas,0.07613
2008,"Domestic material consumption per capita, by type of raw material",TONNES,Natural gas,0.07576
2009,"Domestic material consumption per capita, by type of raw material",TONNES,Natural gas,0.04341
2010,"Domestic material consumption per capita, by type of raw material",TONNES,Natural gas,0.04584
2011,"Domestic material consumption per capita, by type of raw material",TONNES,Natural gas,0.05264
2012,"Domestic material consumption per capita, by type of raw material",TONNES,Natural gas,0.04902
2013,"Domestic material consumption per capita, by type of raw material",TONNES,Natural gas,0.03861
2014,"Domestic material consumption per capita, by type of raw material",TONNES,Natural gas,0.0363
2015,"Domestic material consumption per capita, by type of raw material",TONNES,Natural gas,0.04586
2016,"Domestic material consumption per capita, by type of raw material",TONNES,Natural gas,0.04594
2017,"Domestic material consumption per capita, by type of raw material",TONNES,Natural gas,0.04589
2000,"Domestic material consumption per capita, by type of raw material",TONNES,Grazed biomass and fodder crops,0.05734
2001,"Domestic material consumption per capita, by type of raw material",TONNES,Grazed biomass and fodder crops,0.01722
2002,"Domestic material consumption per capita, by type of raw material",TONNES,Grazed biomass and fodder crops,0.00274
2003,"Domestic material consumption per capita, by type of raw material",TONNES,Grazed biomass and fodder crops,0.00314
2004,"Domestic material consumption per capita, by type of raw material",TONNES,Grazed biomass and fodder crops,0.00411
2005,"Domestic material consumption per capita, by type of raw material",TONNES,Grazed biomass and fodder crops,0.03204
2006,"Domestic material consumption per capita, by type of raw material",TONNES,Grazed biomass and fodder crops,0.09853
2007,"Domestic material consumption per capita, by type of raw material",TONNES,Grazed biomass and fodder crops,0.20202
2008,"Domestic material consumption per capita, by type of raw material",TONNES,Grazed biomass and fodder crops,0.16985
2009,"Domestic material consumption per capita, by type of raw material",TONNES,Grazed biomass and fodder crops,0.17391
2010,"Domestic material consumption per capita, by type of raw material",TONNES,Grazed biomass and fodder crops,0.24879
2011,"Domestic material consumption per capita, by type of raw material",TONNES,Grazed biomass and fodder crops,0.23406
2012,"Domestic material consumption per capita, by type of raw material",TONNES,Grazed biomass and fodder crops,0.20314
2013,"Domestic material consumption per capita, by type of raw material",TONNES,Grazed biomass and fodder crops,0.20697
2014,"Domestic material consumption per capita, by type of raw material",TONNES,Grazed biomass and fodder crops,0.20814
2015,"Domestic material consumption per capita, by type of raw material",TONNES,Grazed biomass and fodder crops,0.229
2016,"Domestic material consumption per capita, by type of raw material",TONNES,Grazed biomass and fodder crops,0.24944
2017,"Domestic material consumption per capita, by type of raw material",TONNES,Grazed biomass and fodder crops,0.26938
2000,"Domestic material consumption per capita, by type of raw material",TONNES,Metal ores,0.16399
2001,"Domestic material consumption per capita, by type of raw material",TONNES,Metal ores,0.09387
2002,"Domestic material consumption per capita, by type of raw material",TONNES,Metal ores,0.07503
2003,"Domestic material consumption per capita, by type of raw material",TONNES,Metal ores,0.23986
2004,"Domestic material consumption per capita, by type of raw material",TONNES,Metal ores,0.27573
2005,"Domestic material consumption per capita, by type of raw material",TONNES,Metal ores,0.76364
2006,"Domestic material consumption per capita, by type of raw material",TONNES,Metal ores,0.73469
2007,"Domestic material consumption per capita, by type of raw material",TONNES,Metal ores,0.6991
2008,"Domestic material consumption per capita, by type of raw material",TONNES,Metal ores,0.87801
2009,"Domestic material consumption per capita, by type of raw material",TONNES,Metal ores,0.74851
2010,"Domestic material consumption per capita, by type of raw material",TONNES,Metal ores,0.46251
2011,"Domestic material consumption per capita, by type of raw material",TONNES,Metal ores,0.52544
2012,"Domestic material consumption per capita, by type of raw material",TONNES,Metal ores,0.50998
2013,"Domestic material consumption per capita, by type of raw material",TONNES,Metal ores,0.60932
2014,"Domestic material consumption per capita, by type of raw material",TONNES,Metal ores,0.60614
2015,"Domestic material consumption per capita, by type of raw material",TONNES,Metal ores,0.651
2016,"Domestic material consumption per capita, by type of raw material",TONNES,Metal ores,0.69447
2017,"Domestic material consumption per capita, by type of raw material",TONNES,Metal ores,0.73645
2000,"Domestic material consumption per capita, by type of raw material",TONNES,Non-ferrous ores,0.06762
2001,"Domestic material consumption per capita, by type of raw material",TONNES,Non-ferrous ores,0.02386
2002,"Domestic material consumption per capita, by type of raw material",TONNES,Non-ferrous ores,0.01888
2003,"Domestic material consumption per capita, by type of raw material",TONNES,Non-ferrous ores,0.16795
2004,"Domestic material consumption per capita, by type of raw material",TONNES,Non-ferrous ores,0.17846
2005,"Domestic material consumption per capita, by type of raw material",TONNES,Non-ferrous ores,0.25318
2006,"Domestic material consumption per capita, by type of raw material",TONNES,Non-ferrous ores,0.18775
2007,"Domestic material consumption per capita, by type of raw material",TONNES,Non-ferrous ores,0.1688
2008,"Domestic material consumption per capita, by type of raw material",TONNES,Non-ferrous ores,0.23749
2009,"Domestic material consumption per capita, by type of raw material",TONNES,Non-ferrous ores,0.12573
2010,"Domestic material consumption per capita, by type of raw material",TONNES,Non-ferrous ores,0.2365
2011,"Domestic material consumption per capita, by type of raw material",TONNES,Non-ferrous ores,0.23643
2012,"Domestic material consumption per capita, by type of raw material",TONNES,Non-ferrous ores,0.24797
2013,"Domestic material consumption per capita, by type of raw material",TONNES,Non-ferrous ores,0.24609
2014,"Domestic material consumption per capita, by type of raw material",TONNES,Non-ferrous ores,0.21644
2015,"Domestic material consumption per capita, by type of raw material",TONNES,Non-ferrous ores,0.22967
2016,"Domestic material consumption per capita, by type of raw material",TONNES,Non-ferrous ores,0.24238
2017,"Domestic material consumption per capita, by type of raw material",TONNES,Non-ferrous ores,0.25455
2000,"Domestic material consumption per capita, by type of raw material",TONNES,Non-metallic minerals - industrial or agricultural dominant,0.18913
2001,"Domestic material consumption per capita, by type of raw material",TONNES,Non-metallic minerals - industrial or agricultural dominant,0.25289
2002,"Domestic material consumption per capita, by type of raw material",TONNES,Non-metallic minerals - industrial or agricultural dominant,0.22997
2003,"Domestic material consumption per capita, by type of raw material",TONNES,Non-metallic minerals - industrial or agricultural dominant,0.12543
2004,"Domestic material consumption per capita, by type of raw material",TONNES,Non-metallic minerals - industrial or agricultural dominant,0.17804
2005,"Domestic material consumption per capita, by type of raw material",TONNES,Non-metallic minerals - industrial or agricultural dominant,0.26178
2006,"Domestic material consumption per capita, by type of raw material",TONNES,Non-metallic minerals - industrial or agricultural dominant,0.44654
2007,"Domestic material consumption per capita, by type of raw material",TONNES,Non-metallic minerals - industrial or agricultural dominant,0.60988
2008,"Domestic material consumption per capita, by type of raw material",TONNES,Non-metallic minerals - industrial or agricultural dominant,0.62429
2009,"Domestic material consumption per capita, by type of raw material",TONNES,Non-metallic minerals - industrial or agricultural dominant,0.52175
2010,"Domestic material consumption per capita, by type of raw material",TONNES,Non-metallic minerals - industrial or agricultural dominant,0.40622
2011,"Domestic material consumption per capita, by type of raw material",TONNES,Non-metallic minerals - industrial or agricultural dominant,0.50838
2012,"Domestic material consumption per capita, by type of raw material",TONNES,Non-metallic minerals - industrial or agricultural dominant,0.51004
2013,"Domestic material consumption per capita, by type of raw material",TONNES,Non-metallic minerals - industrial or agricultural dominant,0.44764
2014,"Domestic material consumption per capita, by type of raw material",TONNES,Non-metallic minerals - industrial or agricultural dominant,0.50547
2015,"Domestic material consumption per capita, by type of raw material",TONNES,Non-metallic minerals - industrial or agricultural dominant,0.53689
2016,"Domestic material consumption per capita, by type of raw material",TONNES,Non-metallic minerals - industrial or agricultural dominant,0.56709
2017,"Domestic material consumption per capita, by type of raw material",TONNES,Non-metallic minerals - industrial or agricultural dominant,0.59602
2000,"Domestic material consumption per capita, by type of raw material",TONNES,Non-metallic minerals - construction dominant,1.70268
2001,"Domestic material consumption per capita, by type of raw material",TONNES,Non-metallic minerals - construction dominant,1.87307
2002,"Domestic material consumption per capita, by type of raw material",TONNES,Non-metallic minerals - construction dominant,2.24856
2003,"Domestic material consumption per capita, by type of raw material",TONNES,Non-metallic minerals - construction dominant,3.81502
2004,"Domestic material consumption per capita, by type of raw material",TONNES,Non-metallic minerals - construction dominant,3.30196
2005,"Domestic material consumption per capita, by type of raw material",TONNES,Non-metallic minerals - construction dominant,2.54502
2006,"Domestic material consumption per capita, by type of raw material",TONNES,Non-metallic minerals - construction dominant,3.153
2007,"Domestic material consumption per capita, by type of raw material",TONNES,Non-metallic minerals - construction dominant,3.49718
2008,"Domestic material consumption per capita, by type of raw material",TONNES,Non-metallic minerals - construction dominant,3.75915
2009,"Domestic material consumption per capita, by type of raw material",TONNES,Non-metallic minerals - construction dominant,3.62215
2010,"Domestic material consumption per capita, by type of raw material",TONNES,Non-metallic minerals - construction dominant,3.78413
2011,"Domestic material consumption per capita, by type of raw material",TONNES,Non-metallic minerals - construction dominant,3.58703
2012,"Domestic material consumption per capita, by type of raw material",TONNES,Non-metallic minerals - construction dominant,3.82068
2013,"Domestic material consumption per capita, by type of raw material",TONNES,Non-metallic minerals - construction dominant,4.30092
2014,"Domestic material consumption per capita, by type of raw material",TONNES,Non-metallic minerals - construction dominant,4.68823
2015,"Domestic material consumption per capita, by type of raw material",TONNES,Non-metallic minerals - construction dominant,5.01912
2016,"Domestic material consumption per capita, by type of raw material",TONNES,Non-metallic minerals - construction dominant,5.33908
2017,"Domestic material consumption per capita, by type of raw material",TONNES,Non-metallic minerals - construction dominant,5.64745
2000,"Domestic material consumption per capita, by type of raw material",TONNES,Non-metallic minerals,1.89181
2001,"Domestic material consumption per capita, by type of raw material",TONNES,Non-metallic minerals,2.12596
2002,"Domestic material consumption per capita, by type of raw material",TONNES,Non-metallic minerals,2.47853
2003,"Domestic material consumption per capita, by type of raw material",TONNES,Non-metallic minerals,3.94044
2004,"Domestic material consumption per capita, by type of raw material",TONNES,Non-metallic minerals,3.48001
2005,"Domestic material consumption per capita, by type of raw material",TONNES,Non-metallic minerals,2.8068
2006,"Domestic material consumption per capita, by type of raw material",TONNES,Non-metallic minerals,3.59954
2007,"Domestic material consumption per capita, by type of raw material",TONNES,Non-metallic minerals,4.10707
2008,"Domestic material consumption per capita, by type of raw material",TONNES,Non-metallic minerals,4.38344
2009,"Domestic material consumption per capita, by type of raw material",TONNES,Non-metallic minerals,4.1439
2010,"Domestic material consumption per capita, by type of raw material",TONNES,Non-metallic minerals,4.19035
2011,"Domestic material consumption per capita, by type of raw material",TONNES,Non-metallic minerals,4.09541
2012,"Domestic material consumption per capita, by type of raw material",TONNES,Non-metallic minerals,4.33072
2013,"Domestic material consumption per capita, by type of raw material",TONNES,Non-metallic minerals,4.74856
2014,"Domestic material consumption per capita, by type of raw material",TONNES,Non-metallic minerals,5.1937
2015,"Domestic material consumption per capita, by type of raw material",TONNES,Non-metallic minerals,5.55601
2016,"Domestic material consumption per capita, by type of raw material",TONNES,Non-metallic minerals,5.90616
2017,"Domestic material consumption per capita, by type of raw material",TONNES,Non-metallic minerals,6.24347
2000,"Domestic material consumption per capita, by type of raw material",TONNES,Petroleum,0.30478
2001,"Domestic material consumption per capita, by type of raw material",TONNES,Petroleum,0.29778
2002,"Domestic material consumption per capita, by type of raw material",TONNES,Petroleum,0.28789
2003,"Domestic material consumption per capita, by type of raw material",TONNES,Petroleum,0.26751
2004,"Domestic material consumption per capita, by type of raw material",TONNES,Petroleum,0.31391
2005,"Domestic material consumption per capita, by type of raw material",TONNES,Petroleum,0.29618
2006,"Domestic material consumption per capita, by type of raw material",TONNES,Petroleum,0.31777
2007,"Domestic material consumption per capita, by type of raw material",TONNES,Petroleum,0.33863
2008,"Domestic material consumption per capita, by type of raw material",TONNES,Petroleum,0.39085
2009,"Domestic material consumption per capita, by type of raw material",TONNES,Petroleum,0.43693
2010,"Domestic material consumption per capita, by type of raw material",TONNES,Petroleum,0.44867
2011,"Domestic material consumption per capita, by type of raw material",TONNES,Petroleum,0.46464
2012,"Domestic material consumption per capita, by type of raw material",TONNES,Petroleum,0.42021
2013,"Domestic material consumption per capita, by type of raw material",TONNES,Petroleum,0.41304
2014,"Domestic material consumption per capita, by type of raw material",TONNES,Petroleum,0.38839
2015,"Domestic material consumption per capita, by type of raw material",TONNES,Petroleum,0.40346
2016,"Domestic material consumption per capita, by type of raw material",TONNES,Petroleum,0.41748
2017,"Domestic material consumption per capita, by type of raw material",TONNES,Petroleum,0.43051
2000,"Domestic material consumption per capita, by type of raw material",TONNES,Wild catch and harvest,0.00225
2001,"Domestic material consumption per capita, by type of raw material",TONNES,Wild catch and harvest,0.0023
2002,"Domestic material consumption per capita, by type of raw material",TONNES,Wild catch and harvest,0.00296
2003,"Domestic material consumption per capita, by type of raw material",TONNES,Wild catch and harvest,0.00311
2004,"Domestic material consumption per capita, by type of raw material",TONNES,Wild catch and harvest,0.00361
2005,"Domestic material consumption per capita, by type of raw material",TONNES,Wild catch and harvest,0.00408
2006,"Domestic material consumption per capita, by type of raw material",TONNES,Wild catch and harvest,0.00296
2007,"Domestic material consumption per capita, by type of raw material",TONNES,Wild catch and harvest,0.00292
2008,"Domestic material consumption per capita, by type of raw material",TONNES,Wild catch and harvest,0.00291
2009,"Domestic material consumption per capita, by type of raw material",TONNES,Wild catch and harvest,0.00271
2010,"Domestic material consumption per capita, by type of raw material",TONNES,Wild catch and harvest,0.00245
2011,"Domestic material consumption per capita, by type of raw material",TONNES,Wild catch and harvest,0.00225
2012,"Domestic material consumption per capita, by type of raw material",TONNES,Wild catch and harvest,0.0023
2013,"Domestic material consumption per capita, by type of raw material",TONNES,Wild catch and harvest,0.00246
2014,"Domestic material consumption per capita, by type of raw material",TONNES,Wild catch and harvest,0.00248
2015,"Domestic material consumption per capita, by type of raw material",TONNES,Wild catch and harvest,0.00246
2016,"Domestic material consumption per capita, by type of raw material",TONNES,Wild catch and harvest,0.00242
2017,"Domestic material consumption per capita, by type of raw material",TONNES,Wild catch and harvest,0.00238
2000,"Domestic material consumption per capita, by type of raw material",TONNES,Wood,0.65807
2001,"Domestic material consumption per capita, by type of raw material",TONNES,Wood,0.5795
2002,"Domestic material consumption per capita, by type of raw material",TONNES,Wood,0.65011
2003,"Domestic material consumption per capita, by type of raw material",TONNES,Wood,0.63242
2004,"Domestic material consumption per capita, by type of raw material",TONNES,Wood,0.48414
2005,"Domestic material consumption per capita, by type of raw material",TONNES,Wood,0.50906
2006,"Domestic material consumption per capita, by type of raw material",TONNES,Wood,0.56101
2007,"Domestic material consumption per capita, by type of raw material",TONNES,Wood,0.49105
2008,"Domestic material consumption per capita, by type of raw material",TONNES,Wood,0.54082
2009,"Domestic material consumption per capita, by type of raw material",TONNES,Wood,0.4581
2010,"Domestic material consumption per capita, by type of raw material",TONNES,Wood,0.51753
2011,"Domestic material consumption per capita, by type of raw material",TONNES,Wood,0.54586
2012,"Domestic material consumption per capita, by type of raw material",TONNES,Wood,0.57248
2013,"Domestic material consumption per capita, by type of raw material",TONNES,Wood,0.61619
2014,"Domestic material consumption per capita, by type of raw material",TONNES,Wood,0.59812
2015,"Domestic material consumption per capita, by type of raw material",TONNES,Wood,0.56402
2016,"Domestic material consumption per capita, by type of raw material",TONNES,Wood,0.5637
2017,"Domestic material consumption per capita, by type of raw material",TONNES,Wood,0.56187
2000,Domestic material consumption per unit of GDP,Kilograms per constant USD,No breakdown,1.93849
2001,Domestic material consumption per unit of GDP,Kilograms per constant USD,No breakdown,1.98851
2002,Domestic material consumption per unit of GDP,Kilograms per constant USD,No breakdown,2.02977
2003,Domestic material consumption per unit of GDP,Kilograms per constant USD,No breakdown,2.33932
2004,Domestic material consumption per unit of GDP,Kilograms per constant USD,No breakdown,2.26058
2005,Domestic material consumption per unit of GDP,Kilograms per constant USD,No breakdown,2.15715
2006,Domestic material consumption per unit of GDP,Kilograms per constant USD,No breakdown,2.30617
2007,Domestic material consumption per unit of GDP,Kilograms per constant USD,No breakdown,2.2313
2008,Domestic material consumption per unit of GDP,Kilograms per constant USD,No breakdown,2.36588
2009,Domestic material consumption per unit of GDP,Kilograms per constant USD,No breakdown,2.36948
2010,Domestic material consumption per unit of GDP,Kilograms per constant USD,No breakdown,2.26028
2011,Domestic material consumption per unit of GDP,Kilograms per constant USD,No breakdown,2.32958
2012,Domestic material consumption per unit of GDP,Kilograms per constant USD,No breakdown,2.29121
2013,Domestic material consumption per unit of GDP,Kilograms per constant USD,No breakdown,2.38481
2014,Domestic material consumption per unit of GDP,Kilograms per constant USD,No breakdown,2.40347
2015,Domestic material consumption per unit of GDP,Kilograms per constant USD,No breakdown,2.48015
2016,Domestic material consumption per unit of GDP,Kilograms per constant USD,No breakdown,2.5021
2017,Domestic material consumption per unit of GDP,Kilograms per constant USD,No breakdown,2.52316
2000,Domestic material consumption per unit of GDP,Kilograms per constant USD,Biomass,0.57457
2001,Domestic material consumption per unit of GDP,Kilograms per constant USD,Biomass,0.6069
2002,Domestic material consumption per unit of GDP,Kilograms per constant USD,Biomass,0.59854
2003,Domestic material consumption per unit of GDP,Kilograms per constant USD,Biomass,0.46078
2004,Domestic material consumption per unit of GDP,Kilograms per constant USD,Biomass,0.57956
2005,Domestic material consumption per unit of GDP,Kilograms per constant USD,Biomass,0.55821
2006,Domestic material consumption per unit of GDP,Kilograms per constant USD,Biomass,0.54704
2007,Domestic material consumption per unit of GDP,Kilograms per constant USD,Biomass,0.47096
2008,Domestic material consumption per unit of GDP,Kilograms per constant USD,Biomass,0.50694
2009,Domestic material consumption per unit of GDP,Kilograms per constant USD,Biomass,0.49865
2010,Domestic material consumption per unit of GDP,Kilograms per constant USD,Biomass,0.48301
2011,Domestic material consumption per unit of GDP,Kilograms per constant USD,Biomass,0.47923
2012,Domestic material consumption per unit of GDP,Kilograms per constant USD,Biomass,0.43436
2013,Domestic material consumption per unit of GDP,Kilograms per constant USD,Biomass,0.4953
2014,Domestic material consumption per unit of GDP,Kilograms per constant USD,Biomass,0.46572
2015,Domestic material consumption per unit of GDP,Kilograms per constant USD,Biomass,0.45083
2016,Domestic material consumption per unit of GDP,Kilograms per constant USD,Biomass,0.44286
2017,Domestic material consumption per unit of GDP,Kilograms per constant USD,Biomass,0.43543
2000,Domestic material consumption per unit of GDP,Kilograms per constant USD,Coal,0.6121
2001,Domestic material consumption per unit of GDP,Kilograms per constant USD,Coal,0.60552
2002,Domestic material consumption per unit of GDP,Kilograms per constant USD,Coal,0.59792
2003,Domestic material consumption per unit of GDP,Kilograms per constant USD,Coal,0.62397
2004,Domestic material consumption per unit of GDP,Kilograms per constant USD,Coal,0.59436
2005,Domestic material consumption per unit of GDP,Kilograms per constant USD,Coal,0.60173
2006,Domestic material consumption per unit of GDP,Kilograms per constant USD,Coal,0.6241
2007,Domestic material consumption per unit of GDP,Kilograms per constant USD,Coal,0.57697
2008,Domestic material consumption per unit of GDP,Kilograms per constant USD,Coal,0.63089
2009,Domestic material consumption per unit of GDP,Kilograms per constant USD,Coal,0.68873
2010,Domestic material consumption per unit of GDP,Kilograms per constant USD,Coal,0.66184
2011,Domestic material consumption per unit of GDP,Kilograms per constant USD,Coal,0.7573
2012,Domestic material consumption per unit of GDP,Kilograms per constant USD,Coal,0.73041
2013,Domestic material consumption per unit of GDP,Kilograms per constant USD,Coal,0.69965
2014,Domestic material consumption per unit of GDP,Kilograms per constant USD,Coal,0.69103
2015,Domestic material consumption per unit of GDP,Kilograms per constant USD,Coal,0.74676
2016,Domestic material consumption per unit of GDP,Kilograms per constant USD,Coal,0.74675
2017,Domestic material consumption per unit of GDP,Kilograms per constant USD,Coal,0.74686
2000,Domestic material consumption per unit of GDP,Kilograms per constant USD,Crop residues,0.10577
2001,Domestic material consumption per unit of GDP,Kilograms per constant USD,Crop residues,0.13179
2002,Domestic material consumption per unit of GDP,Kilograms per constant USD,Crop residues,0.14381
2003,Domestic material consumption per unit of GDP,Kilograms per constant USD,Crop residues,0.0852
2004,Domestic material consumption per unit of GDP,Kilograms per constant USD,Crop residues,0.14313
2005,Domestic material consumption per unit of GDP,Kilograms per constant USD,Crop residues,0.13185
2006,Domestic material consumption per unit of GDP,Kilograms per constant USD,Crop residues,0.12377
2007,Domestic material consumption per unit of GDP,Kilograms per constant USD,Crop residues,0.08656
2008,Domestic material consumption per unit of GDP,Kilograms per constant USD,Crop residues,0.11291
2009,Domestic material consumption per unit of GDP,Kilograms per constant USD,Crop residues,0.11648
2010,Domestic material consumption per unit of GDP,Kilograms per constant USD,Crop residues,0.09415
2011,Domestic material consumption per unit of GDP,Kilograms per constant USD,Crop residues,0.09306
2012,Domestic material consumption per unit of GDP,Kilograms per constant USD,Crop residues,0.07421
2013,Domestic material consumption per unit of GDP,Kilograms per constant USD,Crop residues,0.09852
2014,Domestic material consumption per unit of GDP,Kilograms per constant USD,Crop residues,0.08755
2015,Domestic material consumption per unit of GDP,Kilograms per constant USD,Crop residues,0.08499
2016,Domestic material consumption per unit of GDP,Kilograms per constant USD,Crop residues,0.08244
2017,Domestic material consumption per unit of GDP,Kilograms per constant USD,Crop residues,0.08006
2000,Domestic material consumption per unit of GDP,Kilograms per constant USD,Crops,0.24453
2001,Domestic material consumption per unit of GDP,Kilograms per constant USD,Crops,0.2926
2002,Domestic material consumption per unit of GDP,Kilograms per constant USD,Crops,0.26429
2003,Domestic material consumption per unit of GDP,Kilograms per constant USD,Crops,0.1969
2004,Domestic material consumption per unit of GDP,Kilograms per constant USD,Crops,0.30693
2005,Domestic material consumption per unit of GDP,Kilograms per constant USD,Crops,0.2882
2006,Domestic material consumption per unit of GDP,Kilograms per constant USD,Crops,0.26408
2007,Domestic material consumption per unit of GDP,Kilograms per constant USD,Crops,0.22665
2008,Domestic material consumption per unit of GDP,Kilograms per constant USD,Crops,0.24105
2009,Domestic material consumption per unit of GDP,Kilograms per constant USD,Crops,0.24252
2010,Domestic material consumption per unit of GDP,Kilograms per constant USD,Crops,0.22227
2011,Domestic material consumption per unit of GDP,Kilograms per constant USD,Crops,0.21978
2012,Domestic material consumption per unit of GDP,Kilograms per constant USD,Crops,0.19512
2013,Domestic material consumption per unit of GDP,Kilograms per constant USD,Crops,0.22769
2014,Domestic material consumption per unit of GDP,Kilograms per constant USD,Crops,0.21617
2015,Domestic material consumption per unit of GDP,Kilograms per constant USD,Crops,0.21256
2016,Domestic material consumption per unit of GDP,Kilograms per constant USD,Crops,0.20889
2017,Domestic material consumption per unit of GDP,Kilograms per constant USD,Crops,0.20546
2000,Domestic material consumption per unit of GDP,Kilograms per constant USD,Ferrous ores,0.03012
2001,Domestic material consumption per unit of GDP,Kilograms per constant USD,Ferrous ores,0.02133
2002,Domestic material consumption per unit of GDP,Kilograms per constant USD,Ferrous ores,0.01631
2003,Domestic material consumption per unit of GDP,Kilograms per constant USD,Ferrous ores,0.02012
2004,Domestic material consumption per unit of GDP,Kilograms per constant USD,Ferrous ores,0.02561
2005,Domestic material consumption per unit of GDP,Kilograms per constant USD,Ferrous ores,0.12936
2006,Domestic material consumption per unit of GDP,Kilograms per constant USD,Ferrous ores,0.13142
2007,Domestic material consumption per unit of GDP,Kilograms per constant USD,Ferrous ores,0.1202
2008,Domestic material consumption per unit of GDP,Kilograms per constant USD,Ferrous ores,0.13732
2009,Domestic material consumption per unit of GDP,Kilograms per constant USD,Ferrous ores,0.13702
2010,Domestic material consumption per unit of GDP,Kilograms per constant USD,Ferrous ores,0.04898
2011,Domestic material consumption per unit of GDP,Kilograms per constant USD,Ferrous ores,0.06148
2012,Domestic material consumption per unit of GDP,Kilograms per constant USD,Ferrous ores,0.05558
2013,Domestic material consumption per unit of GDP,Kilograms per constant USD,Ferrous ores,0.0744
2014,Domestic material consumption per unit of GDP,Kilograms per constant USD,Ferrous ores,0.07805
2015,Domestic material consumption per unit of GDP,Kilograms per constant USD,Ferrous ores,0.08118
2016,Domestic material consumption per unit of GDP,Kilograms per constant USD,Ferrous ores,0.084
2017,Domestic material consumption per unit of GDP,Kilograms per constant USD,Ferrous ores,0.08666
2000,Domestic material consumption per unit of GDP,Kilograms per constant USD,Fossil fuels,0.72149
2001,Domestic material consumption per unit of GDP,Kilograms per constant USD,Fossil fuels,0.70527
2002,Domestic material consumption per unit of GDP,Kilograms per constant USD,Fossil fuels,0.68965
2003,Domestic material consumption per unit of GDP,Kilograms per constant USD,Fossil fuels,0.70903
2004,Domestic material consumption per unit of GDP,Kilograms per constant USD,Fossil fuels,0.69216
2005,Domestic material consumption per unit of GDP,Kilograms per constant USD,Fossil fuels,0.69411
2006,Domestic material consumption per unit of GDP,Kilograms per constant USD,Fossil fuels,0.71773
2007,Domestic material consumption per unit of GDP,Kilograms per constant USD,Fossil fuels,0.67098
2008,Domestic material consumption per unit of GDP,Kilograms per constant USD,Fossil fuels,0.73092
2009,Domestic material consumption per unit of GDP,Kilograms per constant USD,Fossil fuels,0.79441
2010,Domestic material consumption per unit of GDP,Kilograms per constant USD,Fossil fuels,0.769
2011,Domestic material consumption per unit of GDP,Kilograms per constant USD,Fossil fuels,0.86734
2012,Domestic material consumption per unit of GDP,Kilograms per constant USD,Fossil fuels,0.82995
2013,Domestic material consumption per unit of GDP,Kilograms per constant USD,Fossil fuels,0.79216
2014,Domestic material consumption per unit of GDP,Kilograms per constant USD,Fossil fuels,0.77609
2015,Domestic material consumption per unit of GDP,Kilograms per constant USD,Fossil fuels,0.83334
2016,Domestic material consumption per unit of GDP,Kilograms per constant USD,Fossil fuels,0.83285
2017,Domestic material consumption per unit of GDP,Kilograms per constant USD,Fossil fuels,0.83253
2000,Domestic material consumption per unit of GDP,Kilograms per constant USD,Natural gas,0.01415
2001,Domestic material consumption per unit of GDP,Kilograms per constant USD,Natural gas,0.00902
2002,Domestic material consumption per unit of GDP,Kilograms per constant USD,Natural gas,0.00812
2003,Domestic material consumption per unit of GDP,Kilograms per constant USD,Natural gas,0.01022
2004,Domestic material consumption per unit of GDP,Kilograms per constant USD,Natural gas,0.01515
2005,Domestic material consumption per unit of GDP,Kilograms per constant USD,Natural gas,0.01732
2006,Domestic material consumption per unit of GDP,Kilograms per constant USD,Natural gas,0.01728
2007,Domestic material consumption per unit of GDP,Kilograms per constant USD,Natural gas,0.01726
2008,Domestic material consumption per unit of GDP,Kilograms per constant USD,Natural gas,0.01624
2009,Domestic material consumption per unit of GDP,Kilograms per constant USD,Natural gas,0.00955
2010,Domestic material consumption per unit of GDP,Kilograms per constant USD,Natural gas,0.00993
2011,Domestic material consumption per unit of GDP,Kilograms per constant USD,Natural gas,0.0112
2012,Domestic material consumption per unit of GDP,Kilograms per constant USD,Natural gas,0.0104
2013,Domestic material consumption per unit of GDP,Kilograms per constant USD,Natural gas,0.00791
2014,Domestic material consumption per unit of GDP,Kilograms per constant USD,Natural gas,0.00727
2015,Domestic material consumption per unit of GDP,Kilograms per constant USD,Natural gas,0.00884
2016,Domestic material consumption per unit of GDP,Kilograms per constant USD,Natural gas,0.00854
2017,Domestic material consumption per unit of GDP,Kilograms per constant USD,Natural gas,0.00825
2000,Domestic material consumption per unit of GDP,Kilograms per constant USD,Grazed biomass and fodder crops,0.01792
2001,Domestic material consumption per unit of GDP,Kilograms per constant USD,Grazed biomass and fodder crops,0.00525
2002,Domestic material consumption per unit of GDP,Kilograms per constant USD,Grazed biomass and fodder crops,0.0008
2003,Domestic material consumption per unit of GDP,Kilograms per constant USD,Grazed biomass and fodder crops,0.00088
2004,Domestic material consumption per unit of GDP,Kilograms per constant USD,Grazed biomass and fodder crops,0.00108
2005,Domestic material consumption per unit of GDP,Kilograms per constant USD,Grazed biomass and fodder crops,0.00812
2006,Domestic material consumption per unit of GDP,Kilograms per constant USD,Grazed biomass and fodder crops,0.02367
2007,Domestic material consumption per unit of GDP,Kilograms per constant USD,Grazed biomass and fodder crops,0.04579
2008,Domestic material consumption per unit of GDP,Kilograms per constant USD,Grazed biomass and fodder crops,0.03642
2009,Domestic material consumption per unit of GDP,Kilograms per constant USD,Grazed biomass and fodder crops,0.03826
2010,Domestic material consumption per unit of GDP,Kilograms per constant USD,Grazed biomass and fodder crops,0.05391
2011,Domestic material consumption per unit of GDP,Kilograms per constant USD,Grazed biomass and fodder crops,0.04979
2012,Domestic material consumption per unit of GDP,Kilograms per constant USD,Grazed biomass and fodder crops,0.04309
2013,Domestic material consumption per unit of GDP,Kilograms per constant USD,Grazed biomass and fodder crops,0.04239
2014,Domestic material consumption per unit of GDP,Kilograms per constant USD,Grazed biomass and fodder crops,0.04169
2015,Domestic material consumption per unit of GDP,Kilograms per constant USD,Grazed biomass and fodder crops,0.04412
2016,Domestic material consumption per unit of GDP,Kilograms per constant USD,Grazed biomass and fodder crops,0.04635
2017,Domestic material consumption per unit of GDP,Kilograms per constant USD,Grazed biomass and fodder crops,0.04844
2000,Domestic material consumption per unit of GDP,Kilograms per constant USD,Metal ores,0.05125
2001,Domestic material consumption per unit of GDP,Kilograms per constant USD,Metal ores,0.0286
2002,Domestic material consumption per unit of GDP,Kilograms per constant USD,Metal ores,0.02179
2003,Domestic material consumption per unit of GDP,Kilograms per constant USD,Metal ores,0.0671
2004,Domestic material consumption per unit of GDP,Kilograms per constant USD,Metal ores,0.0726
2005,Domestic material consumption per unit of GDP,Kilograms per constant USD,Metal ores,0.19352
2006,Domestic material consumption per unit of GDP,Kilograms per constant USD,Metal ores,0.17653
2007,Domestic material consumption per unit of GDP,Kilograms per constant USD,Metal ores,0.15846
2008,Domestic material consumption per unit of GDP,Kilograms per constant USD,Metal ores,0.18824
2009,Domestic material consumption per unit of GDP,Kilograms per constant USD,Metal ores,0.16468
2010,Domestic material consumption per unit of GDP,Kilograms per constant USD,Metal ores,0.10023
2011,Domestic material consumption per unit of GDP,Kilograms per constant USD,Metal ores,0.11178
2012,Domestic material consumption per unit of GDP,Kilograms per constant USD,Metal ores,0.10819
2013,Domestic material consumption per unit of GDP,Kilograms per constant USD,Metal ores,0.1248
2014,Domestic material consumption per unit of GDP,Kilograms per constant USD,Metal ores,0.12141
2015,Domestic material consumption per unit of GDP,Kilograms per constant USD,Metal ores,0.12544
2016,Domestic material consumption per unit of GDP,Kilograms per constant USD,Metal ores,0.12903
2017,Domestic material consumption per unit of GDP,Kilograms per constant USD,Metal ores,0.13244
2000,Domestic material consumption per unit of GDP,Kilograms per constant USD,Non-ferrous ores,0.02113
2001,Domestic material consumption per unit of GDP,Kilograms per constant USD,Non-ferrous ores,0.00727
2002,Domestic material consumption per unit of GDP,Kilograms per constant USD,Non-ferrous ores,0.00548
2003,Domestic material consumption per unit of GDP,Kilograms per constant USD,Non-ferrous ores,0.04699
2004,Domestic material consumption per unit of GDP,Kilograms per constant USD,Non-ferrous ores,0.04699
2005,Domestic material consumption per unit of GDP,Kilograms per constant USD,Non-ferrous ores,0.06416
2006,Domestic material consumption per unit of GDP,Kilograms per constant USD,Non-ferrous ores,0.04511
2007,Domestic material consumption per unit of GDP,Kilograms per constant USD,Non-ferrous ores,0.03826
2008,Domestic material consumption per unit of GDP,Kilograms per constant USD,Non-ferrous ores,0.05092
2009,Domestic material consumption per unit of GDP,Kilograms per constant USD,Non-ferrous ores,0.02766
2010,Domestic material consumption per unit of GDP,Kilograms per constant USD,Non-ferrous ores,0.05125
2011,Domestic material consumption per unit of GDP,Kilograms per constant USD,Non-ferrous ores,0.0503
2012,Domestic material consumption per unit of GDP,Kilograms per constant USD,Non-ferrous ores,0.0526
2013,Domestic material consumption per unit of GDP,Kilograms per constant USD,Non-ferrous ores,0.0504
2014,Domestic material consumption per unit of GDP,Kilograms per constant USD,Non-ferrous ores,0.04335
2015,Domestic material consumption per unit of GDP,Kilograms per constant USD,Non-ferrous ores,0.04425
2016,Domestic material consumption per unit of GDP,Kilograms per constant USD,Non-ferrous ores,0.04503
2017,Domestic material consumption per unit of GDP,Kilograms per constant USD,Non-ferrous ores,0.04578
2000,Domestic material consumption per unit of GDP,Kilograms per constant USD,Non-metallic minerals - industrial or agricultural dominant,0.0591
2001,Domestic material consumption per unit of GDP,Kilograms per constant USD,Non-metallic minerals - industrial or agricultural dominant,0.07705
2002,Domestic material consumption per unit of GDP,Kilograms per constant USD,Non-metallic minerals - industrial or agricultural dominant,0.06679
2003,Domestic material consumption per unit of GDP,Kilograms per constant USD,Non-metallic minerals - industrial or agricultural dominant,0.03509
2004,Domestic material consumption per unit of GDP,Kilograms per constant USD,Non-metallic minerals - industrial or agricultural dominant,0.04688
2005,Domestic material consumption per unit of GDP,Kilograms per constant USD,Non-metallic minerals - industrial or agricultural dominant,0.06634
2006,Domestic material consumption per unit of GDP,Kilograms per constant USD,Non-metallic minerals - industrial or agricultural dominant,0.10729
2007,Domestic material consumption per unit of GDP,Kilograms per constant USD,Non-metallic minerals - industrial or agricultural dominant,0.13823
2008,Domestic material consumption per unit of GDP,Kilograms per constant USD,Non-metallic minerals - industrial or agricultural dominant,0.13384
2009,Domestic material consumption per unit of GDP,Kilograms per constant USD,Non-metallic minerals - industrial or agricultural dominant,0.11479
2010,Domestic material consumption per unit of GDP,Kilograms per constant USD,Non-metallic minerals - industrial or agricultural dominant,0.08803
2011,Domestic material consumption per unit of GDP,Kilograms per constant USD,Non-metallic minerals - industrial or agricultural dominant,0.10815
2012,Domestic material consumption per unit of GDP,Kilograms per constant USD,Non-metallic minerals - industrial or agricultural dominant,0.1082
2013,Domestic material consumption per unit of GDP,Kilograms per constant USD,Non-metallic minerals - industrial or agricultural dominant,0.09168
2014,Domestic material consumption per unit of GDP,Kilograms per constant USD,Non-metallic minerals - industrial or agricultural dominant,0.10124
2015,Domestic material consumption per unit of GDP,Kilograms per constant USD,Non-metallic minerals - industrial or agricultural dominant,0.10345
2016,Domestic material consumption per unit of GDP,Kilograms per constant USD,Non-metallic minerals - industrial or agricultural dominant,0.10536
2017,Domestic material consumption per unit of GDP,Kilograms per constant USD,Non-metallic minerals - industrial or agricultural dominant,0.10718
2000,Domestic material consumption per unit of GDP,Kilograms per constant USD,Non-metallic minerals - construction dominant,0.53208
2001,Domestic material consumption per unit of GDP,Kilograms per constant USD,Non-metallic minerals - construction dominant,0.57069
2002,Domestic material consumption per unit of GDP,Kilograms per constant USD,Non-metallic minerals - construction dominant,0.653
2003,Domestic material consumption per unit of GDP,Kilograms per constant USD,Non-metallic minerals - construction dominant,1.06731
2004,Domestic material consumption per unit of GDP,Kilograms per constant USD,Non-metallic minerals - construction dominant,0.86938
2005,Domestic material consumption per unit of GDP,Kilograms per constant USD,Non-metallic minerals - construction dominant,0.64496
2006,Domestic material consumption per unit of GDP,Kilograms per constant USD,Non-metallic minerals - construction dominant,0.75758
2007,Domestic material consumption per unit of GDP,Kilograms per constant USD,Non-metallic minerals - construction dominant,0.79266
2008,Domestic material consumption per unit of GDP,Kilograms per constant USD,Non-metallic minerals - construction dominant,0.80594
2009,Domestic material consumption per unit of GDP,Kilograms per constant USD,Non-metallic minerals - construction dominant,0.79693
2010,Domestic material consumption per unit of GDP,Kilograms per constant USD,Non-metallic minerals - construction dominant,0.82002
2011,Domestic material consumption per unit of GDP,Kilograms per constant USD,Non-metallic minerals - construction dominant,0.76307
2012,Domestic material consumption per unit of GDP,Kilograms per constant USD,Non-metallic minerals - construction dominant,0.81051
2013,Domestic material consumption per unit of GDP,Kilograms per constant USD,Non-metallic minerals - construction dominant,0.88088
2014,Domestic material consumption per unit of GDP,Kilograms per constant USD,Non-metallic minerals - construction dominant,0.93902
2015,Domestic material consumption per unit of GDP,Kilograms per constant USD,Non-metallic minerals - construction dominant,0.9671
2016,Domestic material consumption per unit of GDP,Kilograms per constant USD,Non-metallic minerals - construction dominant,0.99199
2017,Domestic material consumption per unit of GDP,Kilograms per constant USD,Non-metallic minerals - construction dominant,1.01558
2000,Domestic material consumption per unit of GDP,Kilograms per constant USD,Non-metallic minerals,0.59118
2001,Domestic material consumption per unit of GDP,Kilograms per constant USD,Non-metallic minerals,0.64774
2002,Domestic material consumption per unit of GDP,Kilograms per constant USD,Non-metallic minerals,0.71979
2003,Domestic material consumption per unit of GDP,Kilograms per constant USD,Non-metallic minerals,1.1024
2004,Domestic material consumption per unit of GDP,Kilograms per constant USD,Non-metallic minerals,0.91626
2005,Domestic material consumption per unit of GDP,Kilograms per constant USD,Non-metallic minerals,0.71131
2006,Domestic material consumption per unit of GDP,Kilograms per constant USD,Non-metallic minerals,0.86487
2007,Domestic material consumption per unit of GDP,Kilograms per constant USD,Non-metallic minerals,0.9309
2008,Domestic material consumption per unit of GDP,Kilograms per constant USD,Non-metallic minerals,0.93978
2009,Domestic material consumption per unit of GDP,Kilograms per constant USD,Non-metallic minerals,0.91173
2010,Domestic material consumption per unit of GDP,Kilograms per constant USD,Non-metallic minerals,0.90804
2011,Domestic material consumption per unit of GDP,Kilograms per constant USD,Non-metallic minerals,0.87122
2012,Domestic material consumption per unit of GDP,Kilograms per constant USD,Non-metallic minerals,0.91871
2013,Domestic material consumption per unit of GDP,Kilograms per constant USD,Non-metallic minerals,0.97256
2014,Domestic material consumption per unit of GDP,Kilograms per constant USD,Non-metallic minerals,1.04026
2015,Domestic material consumption per unit of GDP,Kilograms per constant USD,Non-metallic minerals,1.07055
2016,Domestic material consumption per unit of GDP,Kilograms per constant USD,Non-metallic minerals,1.09735
2017,Domestic material consumption per unit of GDP,Kilograms per constant USD,Non-metallic minerals,1.12276
2000,Domestic material consumption per unit of GDP,Kilograms per constant USD,Petroleum,0.09524
2001,Domestic material consumption per unit of GDP,Kilograms per constant USD,Petroleum,0.09073
2002,Domestic material consumption per unit of GDP,Kilograms per constant USD,Petroleum,0.0836
2003,Domestic material consumption per unit of GDP,Kilograms per constant USD,Petroleum,0.07484
2004,Domestic material consumption per unit of GDP,Kilograms per constant USD,Petroleum,0.08265
2005,Domestic material consumption per unit of GDP,Kilograms per constant USD,Petroleum,0.07506
2006,Domestic material consumption per unit of GDP,Kilograms per constant USD,Petroleum,0.07635
2007,Domestic material consumption per unit of GDP,Kilograms per constant USD,Petroleum,0.07675
2008,Domestic material consumption per unit of GDP,Kilograms per constant USD,Petroleum,0.0838
2009,Domestic material consumption per unit of GDP,Kilograms per constant USD,Petroleum,0.09613
2010,Domestic material consumption per unit of GDP,Kilograms per constant USD,Petroleum,0.09723
2011,Domestic material consumption per unit of GDP,Kilograms per constant USD,Petroleum,0.09884
2012,Domestic material consumption per unit of GDP,Kilograms per constant USD,Petroleum,0.08914
2013,Domestic material consumption per unit of GDP,Kilograms per constant USD,Petroleum,0.08459
2014,Domestic material consumption per unit of GDP,Kilograms per constant USD,Petroleum,0.07779
2015,Domestic material consumption per unit of GDP,Kilograms per constant USD,Petroleum,0.07774
2016,Domestic material consumption per unit of GDP,Kilograms per constant USD,Petroleum,0.07757
2017,Domestic material consumption per unit of GDP,Kilograms per constant USD,Petroleum,0.07742
2000,Domestic material consumption per unit of GDP,Kilograms per constant USD,Wild catch and harvest,0.0007
2001,Domestic material consumption per unit of GDP,Kilograms per constant USD,Wild catch and harvest,0.0007
2002,Domestic material consumption per unit of GDP,Kilograms per constant USD,Wild catch and harvest,0.00086
2003,Domestic material consumption per unit of GDP,Kilograms per constant USD,Wild catch and harvest,0.00087
2004,Domestic material consumption per unit of GDP,Kilograms per constant USD,Wild catch and harvest,0.00095
2005,Domestic material consumption per unit of GDP,Kilograms per constant USD,Wild catch and harvest,0.00103
2006,Domestic material consumption per unit of GDP,Kilograms per constant USD,Wild catch and harvest,0.00071
2007,Domestic material consumption per unit of GDP,Kilograms per constant USD,Wild catch and harvest,0.00066
2008,Domestic material consumption per unit of GDP,Kilograms per constant USD,Wild catch and harvest,0.00062
2009,Domestic material consumption per unit of GDP,Kilograms per constant USD,Wild catch and harvest,0.0006
2010,Domestic material consumption per unit of GDP,Kilograms per constant USD,Wild catch and harvest,0.00053
2011,Domestic material consumption per unit of GDP,Kilograms per constant USD,Wild catch and harvest,0.00048
2012,Domestic material consumption per unit of GDP,Kilograms per constant USD,Wild catch and harvest,0.00049
2013,Domestic material consumption per unit of GDP,Kilograms per constant USD,Wild catch and harvest,0.0005
2014,Domestic material consumption per unit of GDP,Kilograms per constant USD,Wild catch and harvest,0.0005
2015,Domestic material consumption per unit of GDP,Kilograms per constant USD,Wild catch and harvest,0.00047
2016,Domestic material consumption per unit of GDP,Kilograms per constant USD,Wild catch and harvest,0.00045
2017,Domestic material consumption per unit of GDP,Kilograms per constant USD,Wild catch and harvest,0.00043
2000,Domestic material consumption per unit of GDP,Kilograms per constant USD,Wood,0.20564
2001,Domestic material consumption per unit of GDP,Kilograms per constant USD,Wood,0.17656
2002,Domestic material consumption per unit of GDP,Kilograms per constant USD,Wood,0.1888
2003,Domestic material consumption per unit of GDP,Kilograms per constant USD,Wood,0.17693
2004,Domestic material consumption per unit of GDP,Kilograms per constant USD,Wood,0.12747
2005,Domestic material consumption per unit of GDP,Kilograms per constant USD,Wood,0.12901
2006,Domestic material consumption per unit of GDP,Kilograms per constant USD,Wood,0.1348
2007,Domestic material consumption per unit of GDP,Kilograms per constant USD,Wood,0.1113
2008,Domestic material consumption per unit of GDP,Kilograms per constant USD,Wood,0.11595
2009,Domestic material consumption per unit of GDP,Kilograms per constant USD,Wood,0.10079
2010,Domestic material consumption per unit of GDP,Kilograms per constant USD,Wood,0.11215
2011,Domestic material consumption per unit of GDP,Kilograms per constant USD,Wood,0.11612
2012,Domestic material consumption per unit of GDP,Kilograms per constant USD,Wood,0.12145
2013,Domestic material consumption per unit of GDP,Kilograms per constant USD,Wood,0.1262
2014,Domestic material consumption per unit of GDP,Kilograms per constant USD,Wood,0.1198
2015,Domestic material consumption per unit of GDP,Kilograms per constant USD,Wood,0.10868
2016,Domestic material consumption per unit of GDP,Kilograms per constant USD,Wood,0.10473
2017,Domestic material consumption per unit of GDP,Kilograms per constant USD,Wood,0.10104
2000,Domestic material consumption,TONNES,No breakdown,23365825.75365
2001,Domestic material consumption,TONNES,No breakdown,24613314.28434
2002,Domestic material consumption,TONNES,No breakdown,26390478.3
2003,Domestic material consumption,TONNES,No breakdown,31600971.235
2004,Domestic material consumption,TONNES,No breakdown,32465536.662
2005,Domestic material consumption,TONNES,No breakdown,32188746.13883
2006,Domestic material consumption,TONNES,No breakdown,36275747.3839
2007,Domestic material consumption,TONNES,No breakdown,37152644.0546
2008,Domestic material consumption,TONNES,No breakdown,41532236.07692
2009,Domestic material consumption,TONNES,No breakdown,40348689.97848
2010,Domestic material consumption,TONNES,No breakdown,38823258.16083
2011,Domestic material consumption,TONNES,No breakdown,40395999.20143
2012,Domestic material consumption,TONNES,No breakdown,39402478.74455
2013,Domestic material consumption,TONNES,No breakdown,41976401.6291
2014,Domestic material consumption,TONNES,No breakdown,42791244.54296
2015,Domestic material consumption,TONNES,No breakdown,45513731.42272
2016,Domestic material consumption,TONNES,No breakdown,47360105.11949
2017,Domestic material consumption,TONNES,No breakdown,49206478.81624
2000,Domestic material consumption,TONNES,Biomass,6925657.0
2001,Domestic material consumption,TONNES,Biomass,7512072.0
2002,Domestic material consumption,TONNES,Biomass,7782116.0
2003,Domestic material consumption,TONNES,Biomass,6224523.0
2004,Domestic material consumption,TONNES,Biomass,8323459.0
2005,Domestic material consumption,TONNES,Biomass,8329607.0
2006,Domestic material consumption,TONNES,Biomass,8604851.0
2007,Domestic material consumption,TONNES,Biomass,7841856.0
2008,Domestic material consumption,TONNES,Biomass,8899146.0
2009,Domestic material consumption,TONNES,Biomass,8491325.0
2010,Domestic material consumption,TONNES,Biomass,8296309.0
2011,Domestic material consumption,TONNES,Biomass,8310136.0
2012,Domestic material consumption,TONNES,Biomass,7469798.0
2013,Domestic material consumption,TONNES,Biomass,8718073.0
2014,Domestic material consumption,TONNES,Biomass,8291559.0
2015,Domestic material consumption,TONNES,Biomass,8273228.0
2016,Domestic material consumption,TONNES,Biomass,8382525.0
2017,Domestic material consumption,TONNES,Biomass,8491821.0
2000,Domestic material consumption,TONNES,Coal,7378000.0
2001,Domestic material consumption,TONNES,Coal,7495000.0
2002,Domestic material consumption,TONNES,Coal,7774000.0
2003,Domestic material consumption,TONNES,Coal,8429000.0
2004,Domestic material consumption,TONNES,Coal,8536000.0
2005,Domestic material consumption,TONNES,Coal,8979000.0
2006,Domestic material consumption,TONNES,Coal,9817000.0
2007,Domestic material consumption,TONNES,Coal,9607000.0
2008,Domestic material consumption,TONNES,Coal,11075000.0
2009,Domestic material consumption,TONNES,Coal,11728000.0
2010,Domestic material consumption,TONNES,Coal,11368000.0
2011,Domestic material consumption,TONNES,Coal,13132000.0
2012,Domestic material consumption,TONNES,Coal,12561000.0
2013,Domestic material consumption,TONNES,Coal,12315000.0
2014,Domestic material consumption,TONNES,Coal,12303000.0
2015,Domestic material consumption,TONNES,Coal,13704000.0
2016,Domestic material consumption,TONNES,Coal,14134591.0
2017,Domestic material consumption,TONNES,Coal,14565182.0
2000,Domestic material consumption,TONNES,Crop residues,1274913.0
2001,Domestic material consumption,TONNES,Crop residues,1631232.0
2002,Domestic material consumption,TONNES,Crop residues,1869727.0
2003,Domestic material consumption,TONNES,Crop residues,1150939.0
2004,Domestic material consumption,TONNES,Crop residues,2055582.0
2005,Domestic material consumption,TONNES,Crop residues,1967457.0
2006,Domestic material consumption,TONNES,Crop residues,1946952.0
2007,Domestic material consumption,TONNES,Crop residues,1441252.0
2008,Domestic material consumption,TONNES,Crop residues,1982034.0
2009,Domestic material consumption,TONNES,Crop residues,1983541.0
2010,Domestic material consumption,TONNES,Crop residues,1617069.0
2011,Domestic material consumption,TONNES,Crop residues,1613679.0
2012,Domestic material consumption,TONNES,Crop residues,1276287.0
2013,Domestic material consumption,TONNES,Crop residues,1734085.0
2014,Domestic material consumption,TONNES,Crop residues,1558809.0
2015,Domestic material consumption,TONNES,Crop residues,1559670.0
2016,Domestic material consumption,TONNES,Crop residues,1560531.0
2017,Domestic material consumption,TONNES,Crop residues,1561392.0
2000,Domestic material consumption,TONNES,Crops,2947535.0
2001,Domestic material consumption,TONNES,Crops,3621751.0
2002,Domestic material consumption,TONNES,Crops,3436185.0
2003,Domestic material consumption,TONNES,Crops,2659906.0
2004,Domestic material consumption,TONNES,Crops,4408017.0
2005,Domestic material consumption,TONNES,Crops,4300520.0
2006,Domestic material consumption,TONNES,Crops,4153998.0
2007,Domestic material consumption,TONNES,Crops,3773949.0
2008,Domestic material consumption,TONNES,Crops,4231476.0
2009,Domestic material consumption,TONNES,Crops,4129768.0
2010,Domestic material consumption,TONNES,Crops,3817818.0
2011,Domestic material consumption,TONNES,Crops,3811119.0
2012,Domestic material consumption,TONNES,Crops,3355493.0
2013,Domestic material consumption,TONNES,Crops,4007620.0
2014,Domestic material consumption,TONNES,Crops,3848757.0
2015,Domestic material consumption,TONNES,Crops,3900797.0
2016,Domestic material consumption,TONNES,Crops,3953837.0
2017,Domestic material consumption,TONNES,Crops,4006877.0
2000,Domestic material consumption,TONNES,Ferrous ores,363000.0
2001,Domestic material consumption,TONNES,Ferrous ores,264000.0
2002,Domestic material consumption,TONNES,Ferrous ores,212000.0
2003,Domestic material consumption,TONNES,Ferrous ores,271762.0
2004,Domestic material consumption,TONNES,Ferrous ores,367790.0
2005,Domestic material consumption,TONNES,Ferrous ores,1930316.0
2006,Domestic material consumption,TONNES,Ferrous ores,2067141.0
2007,Domestic material consumption,TONNES,Ferrous ores,2001352.0
2008,Domestic material consumption,TONNES,Ferrous ores,2410638.0
2009,Domestic material consumption,TONNES,Ferrous ores,2333265.0
2010,Domestic material consumption,TONNES,Ferrous ores,841223.0
2011,Domestic material consumption,TONNES,Ferrous ores,1066128.0
2012,Domestic material consumption,TONNES,Ferrous ores,955854.0
2013,Domestic material consumption,TONNES,Ferrous ores,1309470.0
2014,Domestic material consumption,TONNES,Ferrous ores,1389676.0
2015,Domestic material consumption,TONNES,Ferrous ores,1489794.0
2016,Domestic material consumption,TONNES,Ferrous ores,1589912.0
2017,Domestic material consumption,TONNES,Ferrous ores,1690030.0
2000,Domestic material consumption,TONNES,Fossil fuels,8696585.0
2001,Domestic material consumption,TONNES,Fossil fuels,8729640.0
2002,Domestic material consumption,TONNES,Fossil fuels,8966593.0
2003,Domestic material consumption,TONNES,Fossil fuels,9578052.0
2004,Domestic material consumption,TONNES,Fossil fuels,9940564.0
2005,Domestic material consumption,TONNES,Fossil fuels,10357386.0
2006,Domestic material consumption,TONNES,Fossil fuels,11289840.0
2007,Domestic material consumption,TONNES,Fossil fuels,11172316.0
2008,Domestic material consumption,TONNES,Fossil fuels,12831129.0
2009,Domestic material consumption,TONNES,Fossil fuels,13527645.0
2010,Domestic material consumption,TONNES,Fossil fuels,13208622.0
2011,Domestic material consumption,TONNES,Fossil fuels,15040166.0
2012,Domestic material consumption,TONNES,Fossil fuels,14272837.0
2013,Domestic material consumption,TONNES,Fossil fuels,13943173.0
2014,Domestic material consumption,TONNES,Fossil fuels,13817450.0
2015,Domestic material consumption,TONNES,Fossil fuels,15292774.0
2016,Domestic material consumption,TONNES,Fossil fuels,15764357.0
2017,Domestic material consumption,TONNES,Fossil fuels,16235940.0
2000,Domestic material consumption,TONNES,Natural gas,170585.0
2001,Domestic material consumption,TONNES,Natural gas,111640.0
2002,Domestic material consumption,TONNES,Natural gas,105593.0
2003,Domestic material consumption,TONNES,Natural gas,138052.0
2004,Domestic material consumption,TONNES,Natural gas,217564.0
2005,Domestic material consumption,TONNES,Natural gas,258386.0
2006,Domestic material consumption,TONNES,Natural gas,271840.0
2007,Domestic material consumption,TONNES,Natural gas,287316.0
2008,Domestic material consumption,TONNES,Natural gas,285129.0
2009,Domestic material consumption,TONNES,Natural gas,162645.0
2010,Domestic material consumption,TONNES,Natural gas,170622.0
2011,Domestic material consumption,TONNES,Natural gas,194166.0
2012,Domestic material consumption,TONNES,Natural gas,178837.0
2013,Domestic material consumption,TONNES,Natural gas,139173.0
2014,Domestic material consumption,TONNES,Natural gas,129450.0
2015,Domestic material consumption,TONNES,Natural gas,162167.0
2016,Domestic material consumption,TONNES,Natural gas,161552.0
2017,Domestic material consumption,TONNES,Natural gas,160936.0
2000,Domestic material consumption,TONNES,Grazed biomass and fodder crops,215988.0
2001,Domestic material consumption,TONNES,Grazed biomass and fodder crops,64934.0
2002,Domestic material consumption,TONNES,Grazed biomass and fodder crops,10345.0
2003,Domestic material consumption,TONNES,Grazed biomass and fodder crops,11871.0
2004,Domestic material consumption,TONNES,Grazed biomass and fodder crops,15555.0
2005,Domestic material consumption,TONNES,Grazed biomass and fodder crops,121154.0
2006,Domestic material consumption,TONNES,Grazed biomass and fodder crops,372387.0
2007,Domestic material consumption,TONNES,Grazed biomass and fodder crops,762407.0
2008,Domestic material consumption,TONNES,Grazed biomass and fodder crops,639254.0
2009,Domestic material consumption,TONNES,Grazed biomass and fodder crops,651569.0
2010,Domestic material consumption,TONNES,Grazed biomass and fodder crops,926011.0
2011,Domestic material consumption,TONNES,Grazed biomass and fodder crops,863410.0
2012,Domestic material consumption,TONNES,Grazed biomass and fodder crops,741105.0
2013,Domestic material consumption,TONNES,Grazed biomass and fodder crops,746135.0
2014,Domestic material consumption,TONNES,Grazed biomass and fodder crops,742237.0
2015,Domestic material consumption,TONNES,Grazed biomass and fodder crops,809734.0
2016,Domestic material consumption,TONNES,Grazed biomass and fodder crops,877230.0
2017,Domestic material consumption,TONNES,Grazed biomass and fodder crops,944726.0
2000,Domestic material consumption,TONNES,Metal ores,617700.0
2001,Domestic material consumption,TONNES,Metal ores,354000.0
2002,Domestic material consumption,TONNES,Metal ores,283300.0
2003,Domestic material consumption,TONNES,Metal ores,906482.0
2004,Domestic material consumption,TONNES,Metal ores,1042616.0
2005,Domestic material consumption,TONNES,Metal ores,2887739.0
2006,Domestic material consumption,TONNES,Metal ores,2776722.0
2007,Domestic material consumption,TONNES,Metal ores,2638404.0
2008,Domestic material consumption,TONNES,Metal ores,3304467.0
2009,Domestic material consumption,TONNES,Metal ores,2804338.0
2010,Domestic material consumption,TONNES,Metal ores,1721511.0
2011,Domestic material consumption,TONNES,Metal ores,1938285.0
2012,Domestic material consumption,TONNES,Metal ores,1860499.0
2013,Domestic material consumption,TONNES,Metal ores,2196611.0
2014,Domestic material consumption,TONNES,Metal ores,2161488.0
2015,Domestic material consumption,TONNES,Metal ores,2301911.0
2016,Domestic material consumption,TONNES,Metal ores,2442334.0
2017,Domestic material consumption,TONNES,Metal ores,2582757.0
2000,Domestic material consumption,TONNES,Non-ferrous ores,254700.0
2001,Domestic material consumption,TONNES,Non-ferrous ores,90000.0
2002,Domestic material consumption,TONNES,Non-ferrous ores,71300.0
2003,Domestic material consumption,TONNES,Non-ferrous ores,634719.0
2004,Domestic material consumption,TONNES,Non-ferrous ores,674826.0
2005,Domestic material consumption,TONNES,Non-ferrous ores,957423.0
2006,Domestic material consumption,TONNES,Non-ferrous ores,709581.0
2007,Domestic material consumption,TONNES,Non-ferrous ores,637052.0
2008,Domestic material consumption,TONNES,Non-ferrous ores,893829.0
2009,Domestic material consumption,TONNES,Non-ferrous ores,471073.0
2010,Domestic material consumption,TONNES,Non-ferrous ores,880288.0
2011,Domestic material consumption,TONNES,Non-ferrous ores,872157.0
2012,Domestic material consumption,TONNES,Non-ferrous ores,904645.0
2013,Domestic material consumption,TONNES,Non-ferrous ores,887141.0
2014,Domestic material consumption,TONNES,Non-ferrous ores,771812.0
2015,Domestic material consumption,TONNES,Non-ferrous ores,812117.0
2016,Domestic material consumption,TONNES,Non-ferrous ores,852422.0
2017,Domestic material consumption,TONNES,Non-ferrous ores,892727.0
2000,Domestic material consumption,TONNES,Non-metallic minerals - industrial or agricultural dominant,712400.0
2001,Domestic material consumption,TONNES,Non-metallic minerals - industrial or agricultural dominant,953712.0
2002,Domestic material consumption,TONNES,Non-metallic minerals - industrial or agricultural dominant,868329.0
2003,Domestic material consumption,TONNES,Non-metallic minerals - industrial or agricultural dominant,474027.0
2004,Domestic material consumption,TONNES,Non-metallic minerals - industrial or agricultural dominant,673221.0
2005,Domestic material consumption,TONNES,Non-metallic minerals - industrial or agricultural dominant,989939.0
2006,Domestic material consumption,TONNES,Non-metallic minerals - industrial or agricultural dominant,1687683.0
2007,Domestic material consumption,TONNES,Non-metallic minerals - industrial or agricultural dominant,2301692.0
2008,Domestic material consumption,TONNES,Non-metallic minerals - industrial or agricultural dominant,2349561.0
2009,Domestic material consumption,TONNES,Non-metallic minerals - industrial or agricultural dominant,1954762.0
2010,Domestic material consumption,TONNES,Non-metallic minerals - industrial or agricultural dominant,1511972.0
2011,Domestic material consumption,TONNES,Non-metallic minerals - industrial or agricultural dominant,1875354.0
2012,Domestic material consumption,TONNES,Non-metallic minerals - industrial or agricultural dominant,1860735.0
2013,Domestic material consumption,TONNES,Non-metallic minerals - industrial or agricultural dominant,1613745.0
2014,Domestic material consumption,TONNES,Non-metallic minerals - industrial or agricultural dominant,1802499.0
2015,Domestic material consumption,TONNES,Non-metallic minerals - industrial or agricultural dominant,1898417.0
2016,Domestic material consumption,TONNES,Non-metallic minerals - industrial or agricultural dominant,1994336.0
2017,Domestic material consumption,TONNES,Non-metallic minerals - industrial or agricultural dominant,2090255.0
2000,Domestic material consumption,TONNES,Non-metallic minerals - construction dominant,6413484.0
2001,Domestic material consumption,TONNES,Non-metallic minerals - construction dominant,7063890.0
2002,Domestic material consumption,TONNES,Non-metallic minerals - construction dominant,8490140.0
2003,Domestic material consumption,TONNES,Non-metallic minerals - construction dominant,14417888.0
2004,Domestic material consumption,TONNES,Non-metallic minerals - construction dominant,12485677.0
2005,Domestic material consumption,TONNES,Non-metallic minerals - construction dominant,9624076.0
2006,Domestic material consumption,TONNES,Non-metallic minerals - construction dominant,11916651.0
2007,Domestic material consumption,TONNES,Non-metallic minerals - construction dominant,13198376.0
2008,Domestic material consumption,TONNES,Non-metallic minerals - construction dominant,14147934.0
2009,Domestic material consumption,TONNES,Non-metallic minerals - construction dominant,13570620.0
2010,Domestic material consumption,TONNES,Non-metallic minerals - construction dominant,14084845.0
2011,Domestic material consumption,TONNES,Non-metallic minerals - construction dominant,13232058.0
2012,Domestic material consumption,TONNES,Non-metallic minerals - construction dominant,13938610.0
2013,Domestic material consumption,TONNES,Non-metallic minerals - construction dominant,15504799.0
2014,Domestic material consumption,TONNES,Non-metallic minerals - construction dominant,16718248.0
2015,Domestic material consumption,TONNES,Non-metallic minerals - construction dominant,17747401.0
2016,Domestic material consumption,TONNES,Non-metallic minerals - construction dominant,18776554.0
2017,Domestic material consumption,TONNES,Non-metallic minerals - construction dominant,19805706.0
2000,Domestic material consumption,TONNES,Non-metallic minerals,7125884.0
2001,Domestic material consumption,TONNES,Non-metallic minerals,8017602.0
2002,Domestic material consumption,TONNES,Non-metallic minerals,9358469.0
2003,Domestic material consumption,TONNES,Non-metallic minerals,14891914.0
2004,Domestic material consumption,TONNES,Non-metallic minerals,13158898.0
2005,Domestic material consumption,TONNES,Non-metallic minerals,10614015.0
2006,Domestic material consumption,TONNES,Non-metallic minerals,13604334.0
2007,Domestic material consumption,TONNES,Non-metallic minerals,15500068.0
2008,Domestic material consumption,TONNES,Non-metallic minerals,16497494.0
2009,Domestic material consumption,TONNES,Non-metallic minerals,15525382.0
2010,Domestic material consumption,TONNES,Non-metallic minerals,15596817.0
2011,Domestic material consumption,TONNES,Non-metallic minerals,15107412.0
2012,Domestic material consumption,TONNES,Non-metallic minerals,15799345.0
2013,Domestic material consumption,TONNES,Non-metallic minerals,17118544.0
2014,Domestic material consumption,TONNES,Non-metallic minerals,18520747.0
2015,Domestic material consumption,TONNES,Non-metallic minerals,19645818.0
2016,Domestic material consumption,TONNES,Non-metallic minerals,20770890.0
2017,Domestic material consumption,TONNES,Non-metallic minerals,21895961.0
2000,Domestic material consumption,TONNES,Petroleum,1148000.0
2001,Domestic material consumption,TONNES,Petroleum,1123000.0
2002,Domestic material consumption,TONNES,Petroleum,1087000.0
2003,Domestic material consumption,TONNES,Petroleum,1011000.0
2004,Domestic material consumption,TONNES,Petroleum,1187000.0
2005,Domestic material consumption,TONNES,Petroleum,1120000.0
2006,Domestic material consumption,TONNES,Petroleum,1201000.0
2007,Domestic material consumption,TONNES,Petroleum,1278000.0
2008,Domestic material consumption,TONNES,Petroleum,1471000.0
2009,Domestic material consumption,TONNES,Petroleum,1637000.0
2010,Domestic material consumption,TONNES,Petroleum,1670000.0
2011,Domestic material consumption,TONNES,Petroleum,1714000.0
2012,Domestic material consumption,TONNES,Petroleum,1533000.0
2013,Domestic material consumption,TONNES,Petroleum,1489000.0
2014,Domestic material consumption,TONNES,Petroleum,1385000.0
2015,Domestic material consumption,TONNES,Petroleum,1426607.0
2016,Domestic material consumption,TONNES,Petroleum,1468214.0
2017,Domestic material consumption,TONNES,Petroleum,1509821.0
2000,Domestic material consumption,TONNES,Wild catch and harvest,8465.0
2001,Domestic material consumption,TONNES,Wild catch and harvest,8679.0
2002,Domestic material consumption,TONNES,Wild catch and harvest,11182.0
2003,Domestic material consumption,TONNES,Wild catch and harvest,11748.0
2004,Domestic material consumption,TONNES,Wild catch and harvest,13649.0
2005,Domestic material consumption,TONNES,Wild catch and harvest,15432.0
2006,Domestic material consumption,TONNES,Wild catch and harvest,11180.0
2007,Domestic material consumption,TONNES,Wild catch and harvest,11029.0
2008,Domestic material consumption,TONNES,Wild catch and harvest,10938.0
2009,Domestic material consumption,TONNES,Wild catch and harvest,10162.0
2010,Domestic material consumption,TONNES,Wild catch and harvest,9106.0
2011,Domestic material consumption,TONNES,Wild catch and harvest,8310.0
2012,Domestic material consumption,TONNES,Wild catch and harvest,8391.0
2013,Domestic material consumption,TONNES,Wild catch and harvest,8855.0
2014,Domestic material consumption,TONNES,Wild catch and harvest,8855.0
2015,Domestic material consumption,TONNES,Wild catch and harvest,8682.0
2016,Domestic material consumption,TONNES,Wild catch and harvest,8510.0
2017,Domestic material consumption,TONNES,Wild catch and harvest,8337.0
2000,Domestic material consumption,TONNES,Wood,2478757.0
2001,Domestic material consumption,TONNES,Wood,2185477.0
2002,Domestic material consumption,TONNES,Wood,2454677.0
2003,Domestic material consumption,TONNES,Wood,2390059.0
2004,Domestic material consumption,TONNES,Wood,1830655.0
2005,Domestic material consumption,TONNES,Wood,1925044.0
2006,Domestic material consumption,TONNES,Wood,2120334.0
2007,Domestic material consumption,TONNES,Wood,1853219.0
2008,Domestic material consumption,TONNES,Wood,2035444.0
2009,Domestic material consumption,TONNES,Wood,1716285.0
2010,Domestic material consumption,TONNES,Wood,1926305.0
2011,Domestic material consumption,TONNES,Wood,2013618.0
2012,Domestic material consumption,TONNES,Wood,2088522.0
2013,Domestic material consumption,TONNES,Wood,2221379.0
2014,Domestic material consumption,TONNES,Wood,2132902.0
2015,Domestic material consumption,TONNES,Wood,1994345.0
2016,Domestic material consumption,TONNES,Wood,1982417.0
2017,Domestic material consumption,TONNES,Wood,1970489.0
