Year,SERIES,UNIT_MEASURE,Vrsta proizvoda,Value
2000,"Potrošnja domaćih materijala po stanovniku, prema vrsti sirovine",Tone,Bez podjele,6.20325
2001,"Potrošnja domaćih materijala po stanovniku, prema vrsti sirovine",Tone,Bez podjele,6.52651
2002,"Potrošnja domaćih materijala po stanovniku, prema vrsti sirovine",Tone,Bez podjele,6.98936
2003,"Potrošnja domaćih materijala po stanovniku, prema vrsti sirovine",Tone,Bez podjele,8.36171
2004,"Potrošnja domaćih materijala po stanovniku, prema vrsti sirovine",Tone,Bez podjele,8.58584
2005,"Potrošnja domaćih materijala po stanovniku, prema vrsti sirovine",Tone,Bez podjele,8.5121
2006,"Potrošnja domaćih materijala po stanovniku, prema vrsti sirovine",Tone,Bez podjele,9.59811
2007,"Potrošnja domaćih materijala po stanovniku, prema vrsti sirovine",Tone,Bez podjele,9.84437
2008,"Potrošnja domaćih materijala po stanovniku, prema vrsti sirovine",Tone,Bez podjele,11.03524
2009,"Potrošnja domaćih materijala po stanovniku, prema vrsti sirovine",Tone,Bez podjele,10.76953
2010,"Potrošnja domaćih materijala po stanovniku, prema vrsti sirovine",Tone,Bez podjele,10.43052
2011,"Potrošnja domaćih materijala po stanovniku, prema vrsti sirovine",Tone,Bez podjele,10.95079
2012,"Potrošnja domaćih materijala po stanovniku, prema vrsti sirovine",Tone,Bez podjele,10.80053
2013,"Potrošnja domaćih materijala po stanovniku, prema vrsti sirovine",Tone,Bez podjele,11.64394
2014,"Potrošnja domaćih materijala po stanovniku, prema vrsti sirovine",Tone,Bez podjele,11.99978
2015,"Potrošnja domaćih materijala po stanovniku, prema vrsti sirovine",Tone,Bez podjele,12.87167
2016,"Potrošnja domaćih materijala po stanovniku, prema vrsti sirovine",Tone,Bez podjele,13.46676
2017,"Potrošnja domaćih materijala po stanovniku, prema vrsti sirovine",Tone,Bez podjele,14.03086
2000,"Potrošnja domaćih materijala po stanovniku, prema vrsti sirovine",Tone,Biomasa,1.83865
2001,"Potrošnja domaćih materijala po stanovniku, prema vrsti sirovine",Tone,Biomasa,1.99191
2002,"Potrošnja domaćih materijala po stanovniku, prema vrsti sirovine",Tone,Biomasa,2.06105
2003,"Potrošnja domaćih materijala po stanovniku, prema vrsti sirovine",Tone,Biomasa,1.64703
2004,"Potrošnja domaćih materijala po stanovniku, prema vrsti sirovine",Tone,Biomasa,2.20122
2005,"Potrošnja domaćih materijala po stanovniku, prema vrsti sirovine",Tone,Biomasa,2.20271
2006,"Potrošnja domaćih materijala po stanovniku, prema vrsti sirovine",Tone,Biomasa,2.27674
2007,"Potrošnja domaćih materijala po stanovniku, prema vrsti sirovine",Tone,Biomasa,2.07786
2008,"Potrošnja domaćih materijala po stanovniku, prema vrsti sirovine",Tone,Biomasa,2.36453
2009,"Potrošnja domaćih materijala po stanovniku, prema vrsti sirovine",Tone,Biomasa,2.26643
2010,"Potrošnja domaćih materijala po stanovniku, prema vrsti sirovine",Tone,Biomasa,2.22894
2011,"Potrošnja domaćih materijala po stanovniku, prema vrsti sirovine",Tone,Biomasa,2.25276
2012,"Potrošnja domaćih materijala po stanovniku, prema vrsti sirovine",Tone,Biomasa,2.04753
2013,"Potrošnja domaćih materijala po stanovniku, prema vrsti sirovine",Tone,Biomasa,2.41833
2014,"Potrošnja domaćih materijala po stanovniku, prema vrsti sirovine",Tone,Biomasa,2.32517
2015,"Potrošnja domaćih materijala po stanovniku, prema vrsti sirovine",Tone,Biomasa,2.33974
2016,"Potrošnja domaćih materijala po stanovniku, prema vrsti sirovine",Tone,Biomasa,2.38356
2017,"Potrošnja domaćih materijala po stanovniku, prema vrsti sirovine",Tone,Biomasa,2.42138
2000,"Potrošnja domaćih materijala po stanovniku, prema vrsti sirovine",Tone,Ugljen,1.95874
2001,"Potrošnja domaćih materijala po stanovniku, prema vrsti sirovine",Tone,Ugljen,1.98739
2002,"Potrošnja domaćih materijala po stanovniku, prema vrsti sirovine",Tone,Ugljen,2.0589
2003,"Potrošnja domaćih materijala po stanovniku, prema vrsti sirovine",Tone,Ugljen,2.23034
2004,"Potrošnja domaćih materijala po stanovniku, prema vrsti sirovine",Tone,Ugljen,2.25743
2005,"Potrošnja domaćih materijala po stanovniku, prema vrsti sirovine",Tone,Ugljen,2.37444
2006,"Potrošnja domaćih materijala po stanovniku, prema vrsti sirovine",Tone,Ugljen,2.59746
2007,"Potrošnja domaćih materijala po stanovniku, prema vrsti sirovine",Tone,Ugljen,2.54557
2008,"Potrošnja domaćih materijala po stanovniku, prema vrsti sirovine",Tone,Ugljen,2.94266
2009,"Potrošnja domaćih materijala po stanovniku, prema vrsti sirovine",Tone,Ugljen,3.13034
2010,"Potrošnja domaćih materijala po stanovniku, prema vrsti sirovine",Tone,Ugljen,3.0542
2011,"Potrošnja domaćih materijala po stanovniku, prema vrsti sirovine",Tone,Ugljen,3.5599
2012,"Potrošnja domaćih materijala po stanovniku, prema vrsti sirovine",Tone,Ugljen,3.44307
2013,"Potrošnja domaćih materijala po stanovniku, prema vrsti sirovine",Tone,Ugljen,3.41609
2014,"Potrošnja domaćih materijala po stanovniku, prema vrsti sirovine",Tone,Ugljen,3.45008
2015,"Potrošnja domaćih materijala po stanovniku, prema vrsti sirovine",Tone,Ugljen,3.87561
2016,"Potrošnja domaćih materijala po stanovniku, prema vrsti sirovine",Tone,Ugljen,4.01914
2017,"Potrošnja domaćih materijala po stanovniku, prema vrsti sirovine",Tone,Ugljen,4.15315
2000,"Potrošnja domaćih materijala po stanovniku, prema vrsti sirovine",Tone,Ostaci usjeva,0.33847
2001,"Potrošnja domaćih materijala po stanovniku, prema vrsti sirovine",Tone,Ostaci usjeva,0.43254
2002,"Potrošnja domaćih materijala po stanovniku, prema vrsti sirovine",Tone,Ostaci usjeva,0.49519
2003,"Potrošnja domaćih materijala po stanovniku, prema vrsti sirovine",Tone,Ostaci usjeva,0.30454
2004,"Potrošnja domaćih materijala po stanovniku, prema vrsti sirovine",Tone,Ostaci usjeva,0.54362
2005,"Potrošnja domaćih materijala po stanovniku, prema vrsti sirovine",Tone,Ostaci usjeva,0.52028
2006,"Potrošnja domaćih materijala po stanovniku, prema vrsti sirovine",Tone,Ostaci usjeva,0.51514
2007,"Potrošnja domaćih materijala po stanovniku, prema vrsti sirovine",Tone,Ostaci usjeva,0.38189
2008,"Potrošnja domaćih materijala po stanovniku, prema vrsti sirovine",Tone,Ostaci usjeva,0.52663
2009,"Potrošnja domaćih materijala po stanovniku, prema vrsti sirovine",Tone,Ostaci usjeva,0.52943
2010,"Potrošnja domaćih materijala po stanovniku, prema vrsti sirovine",Tone,Ostaci usjeva,0.43445
2011,"Potrošnja domaćih materijala po stanovniku, prema vrsti sirovine",Tone,Ostaci usjeva,0.43745
2012,"Potrošnja domaćih materijala po stanovniku, prema vrsti sirovine",Tone,Ostaci usjeva,0.34984
2013,"Potrošnja domaćih materijala po stanovniku, prema vrsti sirovine",Tone,Ostaci usjeva,0.48102
2014,"Potrošnja domaćih materijala po stanovniku, prema vrsti sirovine",Tone,Ostaci usjeva,0.43713
2015,"Potrošnja domaćih materijala po stanovniku, prema vrsti sirovine",Tone,Ostaci usjeva,0.44109
2016,"Potrošnja domaćih materijala po stanovniku, prema vrsti sirovine",Tone,Ostaci usjeva,0.44373
2017,"Potrošnja domaćih materijala po stanovniku, prema vrsti sirovine",Tone,Ostaci usjeva,0.44522
2000,"Potrošnja domaćih materijala po stanovniku, prema vrsti sirovine",Tone,Usjevi,0.78252
2001,"Potrošnja domaćih materijala po stanovniku, prema vrsti sirovine",Tone,Usjevi,0.96035
2002,"Potrošnja domaćih materijala po stanovniku, prema vrsti sirovine",Tone,Usjevi,0.91005
2003,"Potrošnja domaćih materijala po stanovniku, prema vrsti sirovine",Tone,Usjevi,0.70382
2004,"Potrošnja domaćih materijala po stanovniku, prema vrsti sirovine",Tone,Usjevi,1.16575
2005,"Potrošnja domaćih materijala po stanovniku, prema vrsti sirovine",Tone,Usjevi,1.13724
2006,"Potrošnja domaćih materijala po stanovniku, prema vrsti sirovine",Tone,Usjevi,1.0991
2007,"Potrošnja domaćih materijala po stanovniku, prema vrsti sirovine",Tone,Usjevi,0.99999
2008,"Potrošnja domaćih materijala po stanovniku, prema vrsti sirovine",Tone,Usjevi,1.12432
2009,"Potrošnja domaćih materijala po stanovniku, prema vrsti sirovine",Tone,Usjevi,1.10228
2010,"Potrošnja domaćih materijala po stanovniku, prema vrsti sirovine",Tone,Usjevi,1.02572
2011,"Potrošnja domaćih materijala po stanovniku, prema vrsti sirovine",Tone,Usjevi,1.03314
2012,"Potrošnja domaćih materijala po stanovniku, prema vrsti sirovine",Tone,Usjevi,0.91977
2013,"Potrošnja domaćih materijala po stanovniku, prema vrsti sirovine",Tone,Usjevi,1.11168
2014,"Potrošnja domaćih materijala po stanovniku, prema vrsti sirovine",Tone,Usjevi,1.07929
2015,"Potrošnja domaćih materijala po stanovniku, prema vrsti sirovine",Tone,Usjevi,1.10318
2016,"Potrošnja domaćih materijala po stanovniku, prema vrsti sirovine",Tone,Usjevi,1.12427
2017,"Potrošnja domaćih materijala po stanovniku, prema vrsti sirovine",Tone,Usjevi,1.14253
2000,"Potrošnja domaćih materijala po stanovniku, prema vrsti sirovine",Tone,Rude željeza,0.09637
2001,"Potrošnja domaćih materijala po stanovniku, prema vrsti sirovine",Tone,Rude željeza,0.07
2002,"Potrošnja domaćih materijala po stanovniku, prema vrsti sirovine",Tone,Rude željeza,0.05615
2003,"Potrošnja domaćih materijala po stanovniku, prema vrsti sirovine",Tone,Rude željeza,0.07191
2004,"Potrošnja domaćih materijala po stanovniku, prema vrsti sirovine",Tone,Rude željeza,0.09727
2005,"Potrošnja domaćih materijala po stanovniku, prema vrsti sirovine",Tone,Rude željeza,0.51046
2006,"Potrošnja domaćih materijala po stanovniku, prema vrsti sirovine",Tone,Rude željeza,0.54694
2007,"Potrošnja domaćih materijala po stanovniku, prema vrsti sirovine",Tone,Rude željeza,0.5303
2008,"Potrošnja domaćih materijala po stanovniku, prema vrsti sirovine",Tone,Rude željeza,0.64051
2009,"Potrošnja domaćih materijala po stanovniku, prema vrsti sirovine",Tone,Rude željeza,0.62278
2010,"Potrošnja domaćih materijala po stanovniku, prema vrsti sirovine",Tone,Rude željeza,0.22601
2011,"Potrošnja domaćih materijala po stanovniku, prema vrsti sirovine",Tone,Rude željeza,0.28901
2012,"Potrošnja domaćih materijala po stanovniku, prema vrsti sirovine",Tone,Rude željeza,0.26201
2013,"Potrošnja domaćih materijala po stanovniku, prema vrsti sirovine",Tone,Rude željeza,0.36324
2014,"Potrošnja domaćih materijala po stanovniku, prema vrsti sirovine",Tone,Rude željeza,0.3897
2015,"Potrošnja domaćih materijala po stanovniku, prema vrsti sirovine",Tone,Rude željeza,0.42133
2016,"Potrošnja domaćih materijala po stanovniku, prema vrsti sirovine",Tone,Rude željeza,0.45209
2017,"Potrošnja domaćih materijala po stanovniku, prema vrsti sirovine",Tone,Rude željeza,0.4819
2000,"Potrošnja domaćih materijala po stanovniku, prema vrsti sirovine",Tone,Fosilna goriva,2.3088
2001,"Potrošnja domaćih materijala po stanovniku, prema vrsti sirovine",Tone,Fosilna goriva,2.31477
2002,"Potrošnja domaćih materijala po stanovniku, prema vrsti sirovine",Tone,Fosilna goriva,2.37475
2003,"Potrošnja domaćih materijala po stanovniku, prema vrsti sirovine",Tone,Fosilna goriva,2.53438
2004,"Potrošnja domaćih materijala po stanovniku, prema vrsti sirovine",Tone,Fosilna goriva,2.62888
2005,"Potrošnja domaćih materijala po stanovniku, prema vrsti sirovine",Tone,Fosilna goriva,2.73894
2006,"Potrošnja domaćih materijala po stanovniku, prema vrsti sirovine",Tone,Fosilna goriva,2.98715
2007,"Potrošnja domaćih materijala po stanovniku, prema vrsti sirovine",Tone,Fosilna goriva,2.96034
2008,"Potrošnja domaćih materijala po stanovniku, prema vrsti sirovine",Tone,Fosilna goriva,3.40927
2009,"Potrošnja domaćih materijala po stanovniku, prema vrsti sirovine",Tone,Fosilna goriva,3.61068
2010,"Potrošnja domaćih materijala po stanovniku, prema vrsti sirovine",Tone,Fosilna goriva,3.54872
2011,"Potrošnja domaćih materijala po stanovniku, prema vrsti sirovine",Tone,Fosilna goriva,4.07718
2012,"Potrošnja domaćih materijala po stanovniku, prema vrsti sirovine",Tone,Fosilna goriva,3.9123
2013,"Potrošnja domaćih materijala po stanovniku, prema vrsti sirovine",Tone,Fosilna goriva,3.86773
2014,"Potrošnja domaćih materijala po stanovniku, prema vrsti sirovine",Tone,Fosilna goriva,3.87477
2015,"Potrošnja domaćih materijala po stanovniku, prema vrsti sirovine",Tone,Fosilna goriva,4.3249
2016,"Potrošnja domaćih materijala po stanovniku, prema vrsti sirovine",Tone,Fosilna goriva,4.48257
2017,"Potrošnja domaćih materijala po stanovniku, prema vrsti sirovine",Tone,Fosilna goriva,4.62956
2000,"Potrošnja domaćih materijala po stanovniku, prema vrsti sirovine",Tone,Prirodni plin,0.04529
2001,"Potrošnja domaćih materijala po stanovniku, prema vrsti sirovine",Tone,Prirodni plin,0.0296
2002,"Potrošnja domaćih materijala po stanovniku, prema vrsti sirovine",Tone,Prirodni plin,0.02797
2003,"Potrošnja domaćih materijala po stanovniku, prema vrsti sirovine",Tone,Prirodni plin,0.03653
2004,"Potrošnja domaćih materijala po stanovniku, prema vrsti sirovine",Tone,Prirodni plin,0.05754
2005,"Potrošnja domaćih materijala po stanovniku, prema vrsti sirovine",Tone,Prirodni plin,0.06833
2006,"Potrošnja domaćih materijala po stanovniku, prema vrsti sirovine",Tone,Prirodni plin,0.07193
2007,"Potrošnja domaćih materijala po stanovniku, prema vrsti sirovine",Tone,Prirodni plin,0.07613
2008,"Potrošnja domaćih materijala po stanovniku, prema vrsti sirovine",Tone,Prirodni plin,0.07576
2009,"Potrošnja domaćih materijala po stanovniku, prema vrsti sirovine",Tone,Prirodni plin,0.04341
2010,"Potrošnja domaćih materijala po stanovniku, prema vrsti sirovine",Tone,Prirodni plin,0.04584
2011,"Potrošnja domaćih materijala po stanovniku, prema vrsti sirovine",Tone,Prirodni plin,0.05264
2012,"Potrošnja domaćih materijala po stanovniku, prema vrsti sirovine",Tone,Prirodni plin,0.04902
2013,"Potrošnja domaćih materijala po stanovniku, prema vrsti sirovine",Tone,Prirodni plin,0.03861
2014,"Potrošnja domaćih materijala po stanovniku, prema vrsti sirovine",Tone,Prirodni plin,0.0363
2015,"Potrošnja domaćih materijala po stanovniku, prema vrsti sirovine",Tone,Prirodni plin,0.04586
2016,"Potrošnja domaćih materijala po stanovniku, prema vrsti sirovine",Tone,Prirodni plin,0.04594
2017,"Potrošnja domaćih materijala po stanovniku, prema vrsti sirovine",Tone,Prirodni plin,0.04589
2000,"Potrošnja domaćih materijala po stanovniku, prema vrsti sirovine",Tone,Stočna hrana i krmno bilje,0.05734
2001,"Potrošnja domaćih materijala po stanovniku, prema vrsti sirovine",Tone,Stočna hrana i krmno bilje,0.01722
2002,"Potrošnja domaćih materijala po stanovniku, prema vrsti sirovine",Tone,Stočna hrana i krmno bilje,0.00274
2003,"Potrošnja domaćih materijala po stanovniku, prema vrsti sirovine",Tone,Stočna hrana i krmno bilje,0.00314
2004,"Potrošnja domaćih materijala po stanovniku, prema vrsti sirovine",Tone,Stočna hrana i krmno bilje,0.00411
2005,"Potrošnja domaćih materijala po stanovniku, prema vrsti sirovine",Tone,Stočna hrana i krmno bilje,0.03204
2006,"Potrošnja domaćih materijala po stanovniku, prema vrsti sirovine",Tone,Stočna hrana i krmno bilje,0.09853
2007,"Potrošnja domaćih materijala po stanovniku, prema vrsti sirovine",Tone,Stočna hrana i krmno bilje,0.20202
2008,"Potrošnja domaćih materijala po stanovniku, prema vrsti sirovine",Tone,Stočna hrana i krmno bilje,0.16985
2009,"Potrošnja domaćih materijala po stanovniku, prema vrsti sirovine",Tone,Stočna hrana i krmno bilje,0.17391
2010,"Potrošnja domaćih materijala po stanovniku, prema vrsti sirovine",Tone,Stočna hrana i krmno bilje,0.24879
2011,"Potrošnja domaćih materijala po stanovniku, prema vrsti sirovine",Tone,Stočna hrana i krmno bilje,0.23406
2012,"Potrošnja domaćih materijala po stanovniku, prema vrsti sirovine",Tone,Stočna hrana i krmno bilje,0.20314
2013,"Potrošnja domaćih materijala po stanovniku, prema vrsti sirovine",Tone,Stočna hrana i krmno bilje,0.20697
2014,"Potrošnja domaćih materijala po stanovniku, prema vrsti sirovine",Tone,Stočna hrana i krmno bilje,0.20814
2015,"Potrošnja domaćih materijala po stanovniku, prema vrsti sirovine",Tone,Stočna hrana i krmno bilje,0.229
2016,"Potrošnja domaćih materijala po stanovniku, prema vrsti sirovine",Tone,Stočna hrana i krmno bilje,0.24944
2017,"Potrošnja domaćih materijala po stanovniku, prema vrsti sirovine",Tone,Stočna hrana i krmno bilje,0.26938
2000,"Potrošnja domaćih materijala po stanovniku, prema vrsti sirovine",Tone,Metalne rude,0.16399
2001,"Potrošnja domaćih materijala po stanovniku, prema vrsti sirovine",Tone,Metalne rude,0.09387
2002,"Potrošnja domaćih materijala po stanovniku, prema vrsti sirovine",Tone,Metalne rude,0.07503
2003,"Potrošnja domaćih materijala po stanovniku, prema vrsti sirovine",Tone,Metalne rude,0.23986
2004,"Potrošnja domaćih materijala po stanovniku, prema vrsti sirovine",Tone,Metalne rude,0.27573
2005,"Potrošnja domaćih materijala po stanovniku, prema vrsti sirovine",Tone,Metalne rude,0.76364
2006,"Potrošnja domaćih materijala po stanovniku, prema vrsti sirovine",Tone,Metalne rude,0.73469
2007,"Potrošnja domaćih materijala po stanovniku, prema vrsti sirovine",Tone,Metalne rude,0.6991
2008,"Potrošnja domaćih materijala po stanovniku, prema vrsti sirovine",Tone,Metalne rude,0.87801
2009,"Potrošnja domaćih materijala po stanovniku, prema vrsti sirovine",Tone,Metalne rude,0.74851
2010,"Potrošnja domaćih materijala po stanovniku, prema vrsti sirovine",Tone,Metalne rude,0.46251
2011,"Potrošnja domaćih materijala po stanovniku, prema vrsti sirovine",Tone,Metalne rude,0.52544
2012,"Potrošnja domaćih materijala po stanovniku, prema vrsti sirovine",Tone,Metalne rude,0.50998
2013,"Potrošnja domaćih materijala po stanovniku, prema vrsti sirovine",Tone,Metalne rude,0.60932
2014,"Potrošnja domaćih materijala po stanovniku, prema vrsti sirovine",Tone,Metalne rude,0.60614
2015,"Potrošnja domaćih materijala po stanovniku, prema vrsti sirovine",Tone,Metalne rude,0.651
2016,"Potrošnja domaćih materijala po stanovniku, prema vrsti sirovine",Tone,Metalne rude,0.69447
2017,"Potrošnja domaćih materijala po stanovniku, prema vrsti sirovine",Tone,Metalne rude,0.73645
2000,"Potrošnja domaćih materijala po stanovniku, prema vrsti sirovine",Tone,Rude obojenih metala,0.06762
2001,"Potrošnja domaćih materijala po stanovniku, prema vrsti sirovine",Tone,Rude obojenih metala,0.02386
2002,"Potrošnja domaćih materijala po stanovniku, prema vrsti sirovine",Tone,Rude obojenih metala,0.01888
2003,"Potrošnja domaćih materijala po stanovniku, prema vrsti sirovine",Tone,Rude obojenih metala,0.16795
2004,"Potrošnja domaćih materijala po stanovniku, prema vrsti sirovine",Tone,Rude obojenih metala,0.17846
2005,"Potrošnja domaćih materijala po stanovniku, prema vrsti sirovine",Tone,Rude obojenih metala,0.25318
2006,"Potrošnja domaćih materijala po stanovniku, prema vrsti sirovine",Tone,Rude obojenih metala,0.18775
2007,"Potrošnja domaćih materijala po stanovniku, prema vrsti sirovine",Tone,Rude obojenih metala,0.1688
2008,"Potrošnja domaćih materijala po stanovniku, prema vrsti sirovine",Tone,Rude obojenih metala,0.23749
2009,"Potrošnja domaćih materijala po stanovniku, prema vrsti sirovine",Tone,Rude obojenih metala,0.12573
2010,"Potrošnja domaćih materijala po stanovniku, prema vrsti sirovine",Tone,Rude obojenih metala,0.2365
2011,"Potrošnja domaćih materijala po stanovniku, prema vrsti sirovine",Tone,Rude obojenih metala,0.23643
2012,"Potrošnja domaćih materijala po stanovniku, prema vrsti sirovine",Tone,Rude obojenih metala,0.24797
2013,"Potrošnja domaćih materijala po stanovniku, prema vrsti sirovine",Tone,Rude obojenih metala,0.24609
2014,"Potrošnja domaćih materijala po stanovniku, prema vrsti sirovine",Tone,Rude obojenih metala,0.21644
2015,"Potrošnja domaćih materijala po stanovniku, prema vrsti sirovine",Tone,Rude obojenih metala,0.22967
2016,"Potrošnja domaćih materijala po stanovniku, prema vrsti sirovine",Tone,Rude obojenih metala,0.24238
2017,"Potrošnja domaćih materijala po stanovniku, prema vrsti sirovine",Tone,Rude obojenih metala,0.25455
2000,"Potrošnja domaćih materijala po stanovniku, prema vrsti sirovine",Tone,Nemetalni minerali - dominantni u industriji ili poljoprivredi,0.18913
2001,"Potrošnja domaćih materijala po stanovniku, prema vrsti sirovine",Tone,Nemetalni minerali - dominantni u industriji ili poljoprivredi,0.25289
2002,"Potrošnja domaćih materijala po stanovniku, prema vrsti sirovine",Tone,Nemetalni minerali - dominantni u industriji ili poljoprivredi,0.22997
2003,"Potrošnja domaćih materijala po stanovniku, prema vrsti sirovine",Tone,Nemetalni minerali - dominantni u industriji ili poljoprivredi,0.12543
2004,"Potrošnja domaćih materijala po stanovniku, prema vrsti sirovine",Tone,Nemetalni minerali - dominantni u industriji ili poljoprivredi,0.17804
2005,"Potrošnja domaćih materijala po stanovniku, prema vrsti sirovine",Tone,Nemetalni minerali - dominantni u industriji ili poljoprivredi,0.26178
2006,"Potrošnja domaćih materijala po stanovniku, prema vrsti sirovine",Tone,Nemetalni minerali - dominantni u industriji ili poljoprivredi,0.44654
2007,"Potrošnja domaćih materijala po stanovniku, prema vrsti sirovine",Tone,Nemetalni minerali - dominantni u industriji ili poljoprivredi,0.60988
2008,"Potrošnja domaćih materijala po stanovniku, prema vrsti sirovine",Tone,Nemetalni minerali - dominantni u industriji ili poljoprivredi,0.62429
2009,"Potrošnja domaćih materijala po stanovniku, prema vrsti sirovine",Tone,Nemetalni minerali - dominantni u industriji ili poljoprivredi,0.52175
2010,"Potrošnja domaćih materijala po stanovniku, prema vrsti sirovine",Tone,Nemetalni minerali - dominantni u industriji ili poljoprivredi,0.40622
2011,"Potrošnja domaćih materijala po stanovniku, prema vrsti sirovine",Tone,Nemetalni minerali - dominantni u industriji ili poljoprivredi,0.50838
2012,"Potrošnja domaćih materijala po stanovniku, prema vrsti sirovine",Tone,Nemetalni minerali - dominantni u industriji ili poljoprivredi,0.51004
2013,"Potrošnja domaćih materijala po stanovniku, prema vrsti sirovine",Tone,Nemetalni minerali - dominantni u industriji ili poljoprivredi,0.44764
2014,"Potrošnja domaćih materijala po stanovniku, prema vrsti sirovine",Tone,Nemetalni minerali - dominantni u industriji ili poljoprivredi,0.50547
2015,"Potrošnja domaćih materijala po stanovniku, prema vrsti sirovine",Tone,Nemetalni minerali - dominantni u industriji ili poljoprivredi,0.53689
2016,"Potrošnja domaćih materijala po stanovniku, prema vrsti sirovine",Tone,Nemetalni minerali - dominantni u industriji ili poljoprivredi,0.56709
2017,"Potrošnja domaćih materijala po stanovniku, prema vrsti sirovine",Tone,Nemetalni minerali - dominantni u industriji ili poljoprivredi,0.59602
2000,"Potrošnja domaćih materijala po stanovniku, prema vrsti sirovine",Tone,Nemetalni minerali - dominantna gradnja,1.70268
2001,"Potrošnja domaćih materijala po stanovniku, prema vrsti sirovine",Tone,Nemetalni minerali - dominantna gradnja,1.87307
2002,"Potrošnja domaćih materijala po stanovniku, prema vrsti sirovine",Tone,Nemetalni minerali - dominantna gradnja,2.24856
2003,"Potrošnja domaćih materijala po stanovniku, prema vrsti sirovine",Tone,Nemetalni minerali - dominantna gradnja,3.81502
2004,"Potrošnja domaćih materijala po stanovniku, prema vrsti sirovine",Tone,Nemetalni minerali - dominantna gradnja,3.30196
2005,"Potrošnja domaćih materijala po stanovniku, prema vrsti sirovine",Tone,Nemetalni minerali - dominantna gradnja,2.54502
2006,"Potrošnja domaćih materijala po stanovniku, prema vrsti sirovine",Tone,Nemetalni minerali - dominantna gradnja,3.153
2007,"Potrošnja domaćih materijala po stanovniku, prema vrsti sirovine",Tone,Nemetalni minerali - dominantna gradnja,3.49718
2008,"Potrošnja domaćih materijala po stanovniku, prema vrsti sirovine",Tone,Nemetalni minerali - dominantna gradnja,3.75915
2009,"Potrošnja domaćih materijala po stanovniku, prema vrsti sirovine",Tone,Nemetalni minerali - dominantna gradnja,3.62215
2010,"Potrošnja domaćih materijala po stanovniku, prema vrsti sirovine",Tone,Nemetalni minerali - dominantna gradnja,3.78413
2011,"Potrošnja domaćih materijala po stanovniku, prema vrsti sirovine",Tone,Nemetalni minerali - dominantna gradnja,3.58703
2012,"Potrošnja domaćih materijala po stanovniku, prema vrsti sirovine",Tone,Nemetalni minerali - dominantna gradnja,3.82068
2013,"Potrošnja domaćih materijala po stanovniku, prema vrsti sirovine",Tone,Nemetalni minerali - dominantna gradnja,4.30092
2014,"Potrošnja domaćih materijala po stanovniku, prema vrsti sirovine",Tone,Nemetalni minerali - dominantna gradnja,4.68823
2015,"Potrošnja domaćih materijala po stanovniku, prema vrsti sirovine",Tone,Nemetalni minerali - dominantna gradnja,5.01912
2016,"Potrošnja domaćih materijala po stanovniku, prema vrsti sirovine",Tone,Nemetalni minerali - dominantna gradnja,5.33908
2017,"Potrošnja domaćih materijala po stanovniku, prema vrsti sirovine",Tone,Nemetalni minerali - dominantna gradnja,5.64745
2000,"Potrošnja domaćih materijala po stanovniku, prema vrsti sirovine",Tone,Nemetalni minerali,1.89181
2001,"Potrošnja domaćih materijala po stanovniku, prema vrsti sirovine",Tone,Nemetalni minerali,2.12596
2002,"Potrošnja domaćih materijala po stanovniku, prema vrsti sirovine",Tone,Nemetalni minerali,2.47853
2003,"Potrošnja domaćih materijala po stanovniku, prema vrsti sirovine",Tone,Nemetalni minerali,3.94044
2004,"Potrošnja domaćih materijala po stanovniku, prema vrsti sirovine",Tone,Nemetalni minerali,3.48001
2005,"Potrošnja domaćih materijala po stanovniku, prema vrsti sirovine",Tone,Nemetalni minerali,2.8068
2006,"Potrošnja domaćih materijala po stanovniku, prema vrsti sirovine",Tone,Nemetalni minerali,3.59954
2007,"Potrošnja domaćih materijala po stanovniku, prema vrsti sirovine",Tone,Nemetalni minerali,4.10707
2008,"Potrošnja domaćih materijala po stanovniku, prema vrsti sirovine",Tone,Nemetalni minerali,4.38344
2009,"Potrošnja domaćih materijala po stanovniku, prema vrsti sirovine",Tone,Nemetalni minerali,4.1439
2010,"Potrošnja domaćih materijala po stanovniku, prema vrsti sirovine",Tone,Nemetalni minerali,4.19035
2011,"Potrošnja domaćih materijala po stanovniku, prema vrsti sirovine",Tone,Nemetalni minerali,4.09541
2012,"Potrošnja domaćih materijala po stanovniku, prema vrsti sirovine",Tone,Nemetalni minerali,4.33072
2013,"Potrošnja domaćih materijala po stanovniku, prema vrsti sirovine",Tone,Nemetalni minerali,4.74856
2014,"Potrošnja domaćih materijala po stanovniku, prema vrsti sirovine",Tone,Nemetalni minerali,5.1937
2015,"Potrošnja domaćih materijala po stanovniku, prema vrsti sirovine",Tone,Nemetalni minerali,5.55601
2016,"Potrošnja domaćih materijala po stanovniku, prema vrsti sirovine",Tone,Nemetalni minerali,5.90616
2017,"Potrošnja domaćih materijala po stanovniku, prema vrsti sirovine",Tone,Nemetalni minerali,6.24347
2000,"Potrošnja domaćih materijala po stanovniku, prema vrsti sirovine",Tone,Nafta,0.30478
2001,"Potrošnja domaćih materijala po stanovniku, prema vrsti sirovine",Tone,Nafta,0.29778
2002,"Potrošnja domaćih materijala po stanovniku, prema vrsti sirovine",Tone,Nafta,0.28789
2003,"Potrošnja domaćih materijala po stanovniku, prema vrsti sirovine",Tone,Nafta,0.26751
2004,"Potrošnja domaćih materijala po stanovniku, prema vrsti sirovine",Tone,Nafta,0.31391
2005,"Potrošnja domaćih materijala po stanovniku, prema vrsti sirovine",Tone,Nafta,0.29618
2006,"Potrošnja domaćih materijala po stanovniku, prema vrsti sirovine",Tone,Nafta,0.31777
2007,"Potrošnja domaćih materijala po stanovniku, prema vrsti sirovine",Tone,Nafta,0.33863
2008,"Potrošnja domaćih materijala po stanovniku, prema vrsti sirovine",Tone,Nafta,0.39085
2009,"Potrošnja domaćih materijala po stanovniku, prema vrsti sirovine",Tone,Nafta,0.43693
2010,"Potrošnja domaćih materijala po stanovniku, prema vrsti sirovine",Tone,Nafta,0.44867
2011,"Potrošnja domaćih materijala po stanovniku, prema vrsti sirovine",Tone,Nafta,0.46464
2012,"Potrošnja domaćih materijala po stanovniku, prema vrsti sirovine",Tone,Nafta,0.42021
2013,"Potrošnja domaćih materijala po stanovniku, prema vrsti sirovine",Tone,Nafta,0.41304
2014,"Potrošnja domaćih materijala po stanovniku, prema vrsti sirovine",Tone,Nafta,0.38839
2015,"Potrošnja domaćih materijala po stanovniku, prema vrsti sirovine",Tone,Nafta,0.40346
2016,"Potrošnja domaćih materijala po stanovniku, prema vrsti sirovine",Tone,Nafta,0.41748
2017,"Potrošnja domaćih materijala po stanovniku, prema vrsti sirovine",Tone,Nafta,0.43051
2000,"Potrošnja domaćih materijala po stanovniku, prema vrsti sirovine",Tone,Divlji ulov i žetva,0.00225
2001,"Potrošnja domaćih materijala po stanovniku, prema vrsti sirovine",Tone,Divlji ulov i žetva,0.0023
2002,"Potrošnja domaćih materijala po stanovniku, prema vrsti sirovine",Tone,Divlji ulov i žetva,0.00296
2003,"Potrošnja domaćih materijala po stanovniku, prema vrsti sirovine",Tone,Divlji ulov i žetva,0.00311
2004,"Potrošnja domaćih materijala po stanovniku, prema vrsti sirovine",Tone,Divlji ulov i žetva,0.00361
2005,"Potrošnja domaćih materijala po stanovniku, prema vrsti sirovine",Tone,Divlji ulov i žetva,0.00408
2006,"Potrošnja domaćih materijala po stanovniku, prema vrsti sirovine",Tone,Divlji ulov i žetva,0.00296
2007,"Potrošnja domaćih materijala po stanovniku, prema vrsti sirovine",Tone,Divlji ulov i žetva,0.00292
2008,"Potrošnja domaćih materijala po stanovniku, prema vrsti sirovine",Tone,Divlji ulov i žetva,0.00291
2009,"Potrošnja domaćih materijala po stanovniku, prema vrsti sirovine",Tone,Divlji ulov i žetva,0.00271
2010,"Potrošnja domaćih materijala po stanovniku, prema vrsti sirovine",Tone,Divlji ulov i žetva,0.00245
2011,"Potrošnja domaćih materijala po stanovniku, prema vrsti sirovine",Tone,Divlji ulov i žetva,0.00225
2012,"Potrošnja domaćih materijala po stanovniku, prema vrsti sirovine",Tone,Divlji ulov i žetva,0.0023
2013,"Potrošnja domaćih materijala po stanovniku, prema vrsti sirovine",Tone,Divlji ulov i žetva,0.00246
2014,"Potrošnja domaćih materijala po stanovniku, prema vrsti sirovine",Tone,Divlji ulov i žetva,0.00248
2015,"Potrošnja domaćih materijala po stanovniku, prema vrsti sirovine",Tone,Divlji ulov i žetva,0.00246
2016,"Potrošnja domaćih materijala po stanovniku, prema vrsti sirovine",Tone,Divlji ulov i žetva,0.00242
2017,"Potrošnja domaćih materijala po stanovniku, prema vrsti sirovine",Tone,Divlji ulov i žetva,0.00238
2000,"Potrošnja domaćih materijala po stanovniku, prema vrsti sirovine",Tone,Drvo,0.65807
2001,"Potrošnja domaćih materijala po stanovniku, prema vrsti sirovine",Tone,Drvo,0.5795
2002,"Potrošnja domaćih materijala po stanovniku, prema vrsti sirovine",Tone,Drvo,0.65011
2003,"Potrošnja domaćih materijala po stanovniku, prema vrsti sirovine",Tone,Drvo,0.63242
2004,"Potrošnja domaćih materijala po stanovniku, prema vrsti sirovine",Tone,Drvo,0.48414
2005,"Potrošnja domaćih materijala po stanovniku, prema vrsti sirovine",Tone,Drvo,0.50906
2006,"Potrošnja domaćih materijala po stanovniku, prema vrsti sirovine",Tone,Drvo,0.56101
2007,"Potrošnja domaćih materijala po stanovniku, prema vrsti sirovine",Tone,Drvo,0.49105
2008,"Potrošnja domaćih materijala po stanovniku, prema vrsti sirovine",Tone,Drvo,0.54082
2009,"Potrošnja domaćih materijala po stanovniku, prema vrsti sirovine",Tone,Drvo,0.4581
2010,"Potrošnja domaćih materijala po stanovniku, prema vrsti sirovine",Tone,Drvo,0.51753
2011,"Potrošnja domaćih materijala po stanovniku, prema vrsti sirovine",Tone,Drvo,0.54586
2012,"Potrošnja domaćih materijala po stanovniku, prema vrsti sirovine",Tone,Drvo,0.57248
2013,"Potrošnja domaćih materijala po stanovniku, prema vrsti sirovine",Tone,Drvo,0.61619
2014,"Potrošnja domaćih materijala po stanovniku, prema vrsti sirovine",Tone,Drvo,0.59812
2015,"Potrošnja domaćih materijala po stanovniku, prema vrsti sirovine",Tone,Drvo,0.56402
2016,"Potrošnja domaćih materijala po stanovniku, prema vrsti sirovine",Tone,Drvo,0.5637
2017,"Potrošnja domaćih materijala po stanovniku, prema vrsti sirovine",Tone,Drvo,0.56187
2000,"Potrošnja domaćih materijala, po jedinici BDP-a",Kilogrami po konstanti američkog dolara,Bez podjele,1.93849
2001,"Potrošnja domaćih materijala, po jedinici BDP-a",Kilogrami po konstanti američkog dolara,Bez podjele,1.98851
2002,"Potrošnja domaćih materijala, po jedinici BDP-a",Kilogrami po konstanti američkog dolara,Bez podjele,2.02977
2003,"Potrošnja domaćih materijala, po jedinici BDP-a",Kilogrami po konstanti američkog dolara,Bez podjele,2.33932
2004,"Potrošnja domaćih materijala, po jedinici BDP-a",Kilogrami po konstanti američkog dolara,Bez podjele,2.26058
2005,"Potrošnja domaćih materijala, po jedinici BDP-a",Kilogrami po konstanti američkog dolara,Bez podjele,2.15715
2006,"Potrošnja domaćih materijala, po jedinici BDP-a",Kilogrami po konstanti američkog dolara,Bez podjele,2.15715
2007,"Potrošnja domaćih materijala, po jedinici BDP-a",Kilogrami po konstanti američkog dolara,Bez podjele,2.30617
2008,"Potrošnja domaćih materijala, po jedinici BDP-a",Kilogrami po konstanti američkog dolara,Bez podjele,2.2313
2009,"Potrošnja domaćih materijala, po jedinici BDP-a",Kilogrami po konstanti američkog dolara,Bez podjele,2.36588
2010,"Potrošnja domaćih materijala, po jedinici BDP-a",Kilogrami po konstanti američkog dolara,Bez podjele,2.36948
2011,"Potrošnja domaćih materijala, po jedinici BDP-a",Kilogrami po konstanti američkog dolara,Bez podjele,2.26028
2012,"Potrošnja domaćih materijala, po jedinici BDP-a",Kilogrami po konstanti američkog dolara,Bez podjele,2.32958
2013,"Potrošnja domaćih materijala, po jedinici BDP-a",Kilogrami po konstanti američkog dolara,Bez podjele,2.29121
2014,"Potrošnja domaćih materijala, po jedinici BDP-a",Kilogrami po konstanti američkog dolara,Bez podjele,2.38481
2015,"Potrošnja domaćih materijala, po jedinici BDP-a",Kilogrami po konstanti američkog dolara,Bez podjele,2.40347
2016,"Potrošnja domaćih materijala, po jedinici BDP-a",Kilogrami po konstanti američkog dolara,Bez podjele,2.48015
2017,"Potrošnja domaćih materijala, po jedinici BDP-a",Kilogrami po konstanti američkog dolara,Bez podjele,2.5021
2000,"Potrošnja domaćih materijala, po jedinici BDP-a",Kilogrami po konstanti američkog dolara,Biomasa,0.57457
2001,"Potrošnja domaćih materijala, po jedinici BDP-a",Kilogrami po konstanti američkog dolara,Biomasa,0.6069
2002,"Potrošnja domaćih materijala, po jedinici BDP-a",Kilogrami po konstanti američkog dolara,Biomasa,0.59854
2003,"Potrošnja domaćih materijala, po jedinici BDP-a",Kilogrami po konstanti američkog dolara,Biomasa,0.46078
2004,"Potrošnja domaćih materijala, po jedinici BDP-a",Kilogrami po konstanti američkog dolara,Biomasa,0.57956
2005,"Potrošnja domaćih materijala, po jedinici BDP-a",Kilogrami po konstanti američkog dolara,Biomasa,0.55821
2006,"Potrošnja domaćih materijala, po jedinici BDP-a",Kilogrami po konstanti američkog dolara,Biomasa,0.54704
2007,"Potrošnja domaćih materijala, po jedinici BDP-a",Kilogrami po konstanti američkog dolara,Biomasa,0.47096
2008,"Potrošnja domaćih materijala, po jedinici BDP-a",Kilogrami po konstanti američkog dolara,Biomasa,0.50694
2009,"Potrošnja domaćih materijala, po jedinici BDP-a",Kilogrami po konstanti američkog dolara,Biomasa,0.49865
2010,"Potrošnja domaćih materijala, po jedinici BDP-a",Kilogrami po konstanti američkog dolara,Biomasa,0.48301
2011,"Potrošnja domaćih materijala, po jedinici BDP-a",Kilogrami po konstanti američkog dolara,Biomasa,0.47923
2012,"Potrošnja domaćih materijala, po jedinici BDP-a",Kilogrami po konstanti američkog dolara,Biomasa,0.43436
2013,"Potrošnja domaćih materijala, po jedinici BDP-a",Kilogrami po konstanti američkog dolara,Biomasa,0.4953
2014,"Potrošnja domaćih materijala, po jedinici BDP-a",Kilogrami po konstanti američkog dolara,Biomasa,0.46572
2015,"Potrošnja domaćih materijala, po jedinici BDP-a",Kilogrami po konstanti američkog dolara,Biomasa,0.45083
2016,"Potrošnja domaćih materijala, po jedinici BDP-a",Kilogrami po konstanti američkog dolara,Biomasa,0.44286
2017,"Potrošnja domaćih materijala, po jedinici BDP-a",Kilogrami po konstanti američkog dolara,Biomasa,0.43543
2000,"Potrošnja domaćih materijala, po jedinici BDP-a",Kilogrami po konstanti američkog dolara,Ugljen,0.6121
2001,"Potrošnja domaćih materijala, po jedinici BDP-a",Kilogrami po konstanti američkog dolara,Ugljen,0.60552
2002,"Potrošnja domaćih materijala, po jedinici BDP-a",Kilogrami po konstanti američkog dolara,Ugljen,0.59792
2003,"Potrošnja domaćih materijala, po jedinici BDP-a",Kilogrami po konstanti američkog dolara,Ugljen,0.62397
2004,"Potrošnja domaćih materijala, po jedinici BDP-a",Kilogrami po konstanti američkog dolara,Ugljen,0.59436
2005,"Potrošnja domaćih materijala, po jedinici BDP-a",Kilogrami po konstanti američkog dolara,Ugljen,0.60173
2006,"Potrošnja domaćih materijala, po jedinici BDP-a",Kilogrami po konstanti američkog dolara,Ugljen,0.6241
2007,"Potrošnja domaćih materijala, po jedinici BDP-a",Kilogrami po konstanti američkog dolara,Ugljen,0.57697
2008,"Potrošnja domaćih materijala, po jedinici BDP-a",Kilogrami po konstanti američkog dolara,Ugljen,0.63089
2009,"Potrošnja domaćih materijala, po jedinici BDP-a",Kilogrami po konstanti američkog dolara,Ugljen,0.68873
2010,"Potrošnja domaćih materijala, po jedinici BDP-a",Kilogrami po konstanti američkog dolara,Ugljen,0.66184
2011,"Potrošnja domaćih materijala, po jedinici BDP-a",Kilogrami po konstanti američkog dolara,Ugljen,0.7573
2012,"Potrošnja domaćih materijala, po jedinici BDP-a",Kilogrami po konstanti američkog dolara,Ugljen,0.73041
2013,"Potrošnja domaćih materijala, po jedinici BDP-a",Kilogrami po konstanti američkog dolara,Ugljen,0.69965
2014,"Potrošnja domaćih materijala, po jedinici BDP-a",Kilogrami po konstanti američkog dolara,Ugljen,0.69103
2015,"Potrošnja domaćih materijala, po jedinici BDP-a",Kilogrami po konstanti američkog dolara,Ugljen,0.74676
2016,"Potrošnja domaćih materijala, po jedinici BDP-a",Kilogrami po konstanti američkog dolara,Ugljen,0.74675
2017,"Potrošnja domaćih materijala, po jedinici BDP-a",Kilogrami po konstanti američkog dolara,Ugljen,0.74686
2000,"Potrošnja domaćih materijala, po jedinici BDP-a",Kilogrami po konstanti američkog dolara,Ostaci usjeva,0.10577
2001,"Potrošnja domaćih materijala, po jedinici BDP-a",Kilogrami po konstanti američkog dolara,Ostaci usjeva,0.13179
2002,"Potrošnja domaćih materijala, po jedinici BDP-a",Kilogrami po konstanti američkog dolara,Ostaci usjeva,0.14381
2003,"Potrošnja domaćih materijala, po jedinici BDP-a",Kilogrami po konstanti američkog dolara,Ostaci usjeva,0.0852
2004,"Potrošnja domaćih materijala, po jedinici BDP-a",Kilogrami po konstanti američkog dolara,Ostaci usjeva,0.14313
2005,"Potrošnja domaćih materijala, po jedinici BDP-a",Kilogrami po konstanti američkog dolara,Ostaci usjeva,0.13185
2006,"Potrošnja domaćih materijala, po jedinici BDP-a",Kilogrami po konstanti američkog dolara,Ostaci usjeva,0.12377
2007,"Potrošnja domaćih materijala, po jedinici BDP-a",Kilogrami po konstanti američkog dolara,Ostaci usjeva,0.08656
2008,"Potrošnja domaćih materijala, po jedinici BDP-a",Kilogrami po konstanti američkog dolara,Ostaci usjeva,0.11291
2009,"Potrošnja domaćih materijala, po jedinici BDP-a",Kilogrami po konstanti američkog dolara,Ostaci usjeva,0.11648
2010,"Potrošnja domaćih materijala, po jedinici BDP-a",Kilogrami po konstanti američkog dolara,Ostaci usjeva,0.09415
2011,"Potrošnja domaćih materijala, po jedinici BDP-a",Kilogrami po konstanti američkog dolara,Ostaci usjeva,0.09306
2012,"Potrošnja domaćih materijala, po jedinici BDP-a",Kilogrami po konstanti američkog dolara,Ostaci usjeva,0.07421
2013,"Potrošnja domaćih materijala, po jedinici BDP-a",Kilogrami po konstanti američkog dolara,Ostaci usjeva,0.09852
2014,"Potrošnja domaćih materijala, po jedinici BDP-a",Kilogrami po konstanti američkog dolara,Ostaci usjeva,0.08755
2015,"Potrošnja domaćih materijala, po jedinici BDP-a",Kilogrami po konstanti američkog dolara,Ostaci usjeva,0.08499
2016,"Potrošnja domaćih materijala, po jedinici BDP-a",Kilogrami po konstanti američkog dolara,Ostaci usjeva,0.08244
2017,"Potrošnja domaćih materijala, po jedinici BDP-a",Kilogrami po konstanti američkog dolara,Ostaci usjeva,0.08006
2000,"Potrošnja domaćih materijala, po jedinici BDP-a",Kilogrami po konstanti američkog dolara,Usjevi,0.24453
2001,"Potrošnja domaćih materijala, po jedinici BDP-a",Kilogrami po konstanti američkog dolara,Usjevi,0.2926
2002,"Potrošnja domaćih materijala, po jedinici BDP-a",Kilogrami po konstanti američkog dolara,Usjevi,0.26429
2003,"Potrošnja domaćih materijala, po jedinici BDP-a",Kilogrami po konstanti američkog dolara,Usjevi,0.1969
2004,"Potrošnja domaćih materijala, po jedinici BDP-a",Kilogrami po konstanti američkog dolara,Usjevi,0.30693
2005,"Potrošnja domaćih materijala, po jedinici BDP-a",Kilogrami po konstanti američkog dolara,Usjevi,0.2882
2006,"Potrošnja domaćih materijala, po jedinici BDP-a",Kilogrami po konstanti američkog dolara,Usjevi,0.26408
2007,"Potrošnja domaćih materijala, po jedinici BDP-a",Kilogrami po konstanti američkog dolara,Usjevi,0.22665
2008,"Potrošnja domaćih materijala, po jedinici BDP-a",Kilogrami po konstanti američkog dolara,Usjevi,0.24105
2009,"Potrošnja domaćih materijala, po jedinici BDP-a",Kilogrami po konstanti američkog dolara,Usjevi,0.24252
2010,"Potrošnja domaćih materijala, po jedinici BDP-a",Kilogrami po konstanti američkog dolara,Usjevi,0.22227
2011,"Potrošnja domaćih materijala, po jedinici BDP-a",Kilogrami po konstanti američkog dolara,Usjevi,0.21978
2012,"Potrošnja domaćih materijala, po jedinici BDP-a",Kilogrami po konstanti američkog dolara,Usjevi,0.19512
2013,"Potrošnja domaćih materijala, po jedinici BDP-a",Kilogrami po konstanti američkog dolara,Usjevi,0.22769
2014,"Potrošnja domaćih materijala, po jedinici BDP-a",Kilogrami po konstanti američkog dolara,Usjevi,0.21617
2015,"Potrošnja domaćih materijala, po jedinici BDP-a",Kilogrami po konstanti američkog dolara,Usjevi,0.21256
2016,"Potrošnja domaćih materijala, po jedinici BDP-a",Kilogrami po konstanti američkog dolara,Usjevi,0.20889
2017,"Potrošnja domaćih materijala, po jedinici BDP-a",Kilogrami po konstanti američkog dolara,Usjevi,0.20546
2000,"Potrošnja domaćih materijala, po jedinici BDP-a",Kilogrami po konstanti američkog dolara,Rude željeza,0.03012
2001,"Potrošnja domaćih materijala, po jedinici BDP-a",Kilogrami po konstanti američkog dolara,Rude željeza,0.02133
2002,"Potrošnja domaćih materijala, po jedinici BDP-a",Kilogrami po konstanti američkog dolara,Rude željeza,0.01631
2003,"Potrošnja domaćih materijala, po jedinici BDP-a",Kilogrami po konstanti američkog dolara,Rude željeza,0.02012
2004,"Potrošnja domaćih materijala, po jedinici BDP-a",Kilogrami po konstanti američkog dolara,Rude željeza,0.02561
2005,"Potrošnja domaćih materijala, po jedinici BDP-a",Kilogrami po konstanti američkog dolara,Rude željeza,0.12936
2006,"Potrošnja domaćih materijala, po jedinici BDP-a",Kilogrami po konstanti američkog dolara,Rude željeza,0.13142
2007,"Potrošnja domaćih materijala, po jedinici BDP-a",Kilogrami po konstanti američkog dolara,Rude željeza,0.1202
2008,"Potrošnja domaćih materijala, po jedinici BDP-a",Kilogrami po konstanti američkog dolara,Rude željeza,0.13732
2009,"Potrošnja domaćih materijala, po jedinici BDP-a",Kilogrami po konstanti američkog dolara,Rude željeza,0.13702
2010,"Potrošnja domaćih materijala, po jedinici BDP-a",Kilogrami po konstanti američkog dolara,Rude željeza,0.04898
2011,"Potrošnja domaćih materijala, po jedinici BDP-a",Kilogrami po konstanti američkog dolara,Rude željeza,0.06148
2012,"Potrošnja domaćih materijala, po jedinici BDP-a",Kilogrami po konstanti američkog dolara,Rude željeza,0.05558
2013,"Potrošnja domaćih materijala, po jedinici BDP-a",Kilogrami po konstanti američkog dolara,Rude željeza,0.0744
2014,"Potrošnja domaćih materijala, po jedinici BDP-a",Kilogrami po konstanti američkog dolara,Rude željeza,0.07805
2015,"Potrošnja domaćih materijala, po jedinici BDP-a",Kilogrami po konstanti američkog dolara,Rude željeza,0.08118
2016,"Potrošnja domaćih materijala, po jedinici BDP-a",Kilogrami po konstanti američkog dolara,Rude željeza,0.084
2017,"Potrošnja domaćih materijala, po jedinici BDP-a",Kilogrami po konstanti američkog dolara,Rude željeza,0.08666
2000,"Potrošnja domaćih materijala, po jedinici BDP-a",Kilogrami po konstanti američkog dolara,Fosilna goriva,0.72149
2001,"Potrošnja domaćih materijala, po jedinici BDP-a",Kilogrami po konstanti američkog dolara,Fosilna goriva,0.70527
2002,"Potrošnja domaćih materijala, po jedinici BDP-a",Kilogrami po konstanti američkog dolara,Fosilna goriva,0.68965
2003,"Potrošnja domaćih materijala, po jedinici BDP-a",Kilogrami po konstanti američkog dolara,Fosilna goriva,0.70903
2004,"Potrošnja domaćih materijala, po jedinici BDP-a",Kilogrami po konstanti američkog dolara,Fosilna goriva,0.69216
2005,"Potrošnja domaćih materijala, po jedinici BDP-a",Kilogrami po konstanti američkog dolara,Fosilna goriva,0.69411
2006,"Potrošnja domaćih materijala, po jedinici BDP-a",Kilogrami po konstanti američkog dolara,Fosilna goriva,0.71773
2007,"Potrošnja domaćih materijala, po jedinici BDP-a",Kilogrami po konstanti američkog dolara,Fosilna goriva,0.67098
2008,"Potrošnja domaćih materijala, po jedinici BDP-a",Kilogrami po konstanti američkog dolara,Fosilna goriva,0.73092
2009,"Potrošnja domaćih materijala, po jedinici BDP-a",Kilogrami po konstanti američkog dolara,Fosilna goriva,0.79441
2010,"Potrošnja domaćih materijala, po jedinici BDP-a",Kilogrami po konstanti američkog dolara,Fosilna goriva,0.769
2011,"Potrošnja domaćih materijala, po jedinici BDP-a",Kilogrami po konstanti američkog dolara,Fosilna goriva,0.86734
2012,"Potrošnja domaćih materijala, po jedinici BDP-a",Kilogrami po konstanti američkog dolara,Fosilna goriva,0.82995
2013,"Potrošnja domaćih materijala, po jedinici BDP-a",Kilogrami po konstanti američkog dolara,Fosilna goriva,0.79216
2014,"Potrošnja domaćih materijala, po jedinici BDP-a",Kilogrami po konstanti američkog dolara,Fosilna goriva,0.77609
2015,"Potrošnja domaćih materijala, po jedinici BDP-a",Kilogrami po konstanti američkog dolara,Fosilna goriva,0.83334
2016,"Potrošnja domaćih materijala, po jedinici BDP-a",Kilogrami po konstanti američkog dolara,Fosilna goriva,0.83285
2017,"Potrošnja domaćih materijala, po jedinici BDP-a",Kilogrami po konstanti američkog dolara,Fosilna goriva,0.83253
2000,"Potrošnja domaćih materijala, po jedinici BDP-a",Kilogrami po konstanti američkog dolara,Prirodni plin,0.01415
2001,"Potrošnja domaćih materijala, po jedinici BDP-a",Kilogrami po konstanti američkog dolara,Prirodni plin,0.00902
2002,"Potrošnja domaćih materijala, po jedinici BDP-a",Kilogrami po konstanti američkog dolara,Prirodni plin,0.00812
2003,"Potrošnja domaćih materijala, po jedinici BDP-a",Kilogrami po konstanti američkog dolara,Prirodni plin,0.01022
2004,"Potrošnja domaćih materijala, po jedinici BDP-a",Kilogrami po konstanti američkog dolara,Prirodni plin,0.01515
2005,"Potrošnja domaćih materijala, po jedinici BDP-a",Kilogrami po konstanti američkog dolara,Prirodni plin,0.01732
2006,"Potrošnja domaćih materijala, po jedinici BDP-a",Kilogrami po konstanti američkog dolara,Prirodni plin,0.01728
2007,"Potrošnja domaćih materijala, po jedinici BDP-a",Kilogrami po konstanti američkog dolara,Prirodni plin,0.01726
2008,"Potrošnja domaćih materijala, po jedinici BDP-a",Kilogrami po konstanti američkog dolara,Prirodni plin,0.01624
2009,"Potrošnja domaćih materijala, po jedinici BDP-a",Kilogrami po konstanti američkog dolara,Prirodni plin,0.00955
2010,"Potrošnja domaćih materijala, po jedinici BDP-a",Kilogrami po konstanti američkog dolara,Prirodni plin,0.00993
2011,"Potrošnja domaćih materijala, po jedinici BDP-a",Kilogrami po konstanti američkog dolara,Prirodni plin,0.0112
2012,"Potrošnja domaćih materijala, po jedinici BDP-a",Kilogrami po konstanti američkog dolara,Prirodni plin,0.0104
2013,"Potrošnja domaćih materijala, po jedinici BDP-a",Kilogrami po konstanti američkog dolara,Prirodni plin,0.00791
2014,"Potrošnja domaćih materijala, po jedinici BDP-a",Kilogrami po konstanti američkog dolara,Prirodni plin,0.00727
2015,"Potrošnja domaćih materijala, po jedinici BDP-a",Kilogrami po konstanti američkog dolara,Prirodni plin,0.00884
2016,"Potrošnja domaćih materijala, po jedinici BDP-a",Kilogrami po konstanti američkog dolara,Prirodni plin,0.00854
2017,"Potrošnja domaćih materijala, po jedinici BDP-a",Kilogrami po konstanti američkog dolara,Prirodni plin,0.00825
2000,"Potrošnja domaćih materijala, po jedinici BDP-a",Kilogrami po konstanti američkog dolara,Stočna hrana i krmno bilje,0.01792
2001,"Potrošnja domaćih materijala, po jedinici BDP-a",Kilogrami po konstanti američkog dolara,Stočna hrana i krmno bilje,0.00525
2002,"Potrošnja domaćih materijala, po jedinici BDP-a",Kilogrami po konstanti američkog dolara,Stočna hrana i krmno bilje,0.0008
2003,"Potrošnja domaćih materijala, po jedinici BDP-a",Kilogrami po konstanti američkog dolara,Stočna hrana i krmno bilje,0.00088
2004,"Potrošnja domaćih materijala, po jedinici BDP-a",Kilogrami po konstanti američkog dolara,Stočna hrana i krmno bilje,0.00108
2005,"Potrošnja domaćih materijala, po jedinici BDP-a",Kilogrami po konstanti američkog dolara,Stočna hrana i krmno bilje,0.00812
2006,"Potrošnja domaćih materijala, po jedinici BDP-a",Kilogrami po konstanti američkog dolara,Stočna hrana i krmno bilje,0.02367
2007,"Potrošnja domaćih materijala, po jedinici BDP-a",Kilogrami po konstanti američkog dolara,Stočna hrana i krmno bilje,0.04579
2008,"Potrošnja domaćih materijala, po jedinici BDP-a",Kilogrami po konstanti američkog dolara,Stočna hrana i krmno bilje,0.03642
2009,"Potrošnja domaćih materijala, po jedinici BDP-a",Kilogrami po konstanti američkog dolara,Stočna hrana i krmno bilje,0.03826
2010,"Potrošnja domaćih materijala, po jedinici BDP-a",Kilogrami po konstanti američkog dolara,Stočna hrana i krmno bilje,0.05391
2011,"Potrošnja domaćih materijala, po jedinici BDP-a",Kilogrami po konstanti američkog dolara,Stočna hrana i krmno bilje,0.04979
2012,"Potrošnja domaćih materijala, po jedinici BDP-a",Kilogrami po konstanti američkog dolara,Stočna hrana i krmno bilje,0.04309
2013,"Potrošnja domaćih materijala, po jedinici BDP-a",Kilogrami po konstanti američkog dolara,Stočna hrana i krmno bilje,0.04239
2014,"Potrošnja domaćih materijala, po jedinici BDP-a",Kilogrami po konstanti američkog dolara,Stočna hrana i krmno bilje,0.04169
2015,"Potrošnja domaćih materijala, po jedinici BDP-a",Kilogrami po konstanti američkog dolara,Stočna hrana i krmno bilje,0.04412
2016,"Potrošnja domaćih materijala, po jedinici BDP-a",Kilogrami po konstanti američkog dolara,Stočna hrana i krmno bilje,0.04635
2017,"Potrošnja domaćih materijala, po jedinici BDP-a",Kilogrami po konstanti američkog dolara,Stočna hrana i krmno bilje,0.04844
2000,"Potrošnja domaćih materijala, po jedinici BDP-a",Kilogrami po konstanti američkog dolara,Metalne rude,0.05125
2001,"Potrošnja domaćih materijala, po jedinici BDP-a",Kilogrami po konstanti američkog dolara,Metalne rude,0.0286
2002,"Potrošnja domaćih materijala, po jedinici BDP-a",Kilogrami po konstanti američkog dolara,Metalne rude,0.02179
2003,"Potrošnja domaćih materijala, po jedinici BDP-a",Kilogrami po konstanti američkog dolara,Metalne rude,0.0671
2004,"Potrošnja domaćih materijala, po jedinici BDP-a",Kilogrami po konstanti američkog dolara,Metalne rude,0.0726
2005,"Potrošnja domaćih materijala, po jedinici BDP-a",Kilogrami po konstanti američkog dolara,Metalne rude,0.19352
2006,"Potrošnja domaćih materijala, po jedinici BDP-a",Kilogrami po konstanti američkog dolara,Metalne rude,0.17653
2007,"Potrošnja domaćih materijala, po jedinici BDP-a",Kilogrami po konstanti američkog dolara,Metalne rude,0.15846
2008,"Potrošnja domaćih materijala, po jedinici BDP-a",Kilogrami po konstanti američkog dolara,Metalne rude,0.18824
2009,"Potrošnja domaćih materijala, po jedinici BDP-a",Kilogrami po konstanti američkog dolara,Metalne rude,0.16468
2010,"Potrošnja domaćih materijala, po jedinici BDP-a",Kilogrami po konstanti američkog dolara,Metalne rude,0.10023
2011,"Potrošnja domaćih materijala, po jedinici BDP-a",Kilogrami po konstanti američkog dolara,Metalne rude,0.11178
2012,"Potrošnja domaćih materijala, po jedinici BDP-a",Kilogrami po konstanti američkog dolara,Metalne rude,0.10819
2013,"Potrošnja domaćih materijala, po jedinici BDP-a",Kilogrami po konstanti američkog dolara,Metalne rude,0.1248
2014,"Potrošnja domaćih materijala, po jedinici BDP-a",Kilogrami po konstanti američkog dolara,Metalne rude,0.12141
2015,"Potrošnja domaćih materijala, po jedinici BDP-a",Kilogrami po konstanti američkog dolara,Metalne rude,0.12544
2016,"Potrošnja domaćih materijala, po jedinici BDP-a",Kilogrami po konstanti američkog dolara,Metalne rude,0.12903
2017,"Potrošnja domaćih materijala, po jedinici BDP-a",Kilogrami po konstanti američkog dolara,Metalne rude,0.13244
2000,"Potrošnja domaćih materijala, po jedinici BDP-a",Kilogrami po konstanti američkog dolara,Rude obojenih metala,0.02113
2001,"Potrošnja domaćih materijala, po jedinici BDP-a",Kilogrami po konstanti američkog dolara,Rude obojenih metala,0.00727
2002,"Potrošnja domaćih materijala, po jedinici BDP-a",Kilogrami po konstanti američkog dolara,Rude obojenih metala,0.00548
2003,"Potrošnja domaćih materijala, po jedinici BDP-a",Kilogrami po konstanti američkog dolara,Rude obojenih metala,0.04699
2004,"Potrošnja domaćih materijala, po jedinici BDP-a",Kilogrami po konstanti američkog dolara,Rude obojenih metala,0.04699
2005,"Potrošnja domaćih materijala, po jedinici BDP-a",Kilogrami po konstanti američkog dolara,Rude obojenih metala,0.06416
2006,"Potrošnja domaćih materijala, po jedinici BDP-a",Kilogrami po konstanti američkog dolara,Rude obojenih metala,0.04511
2007,"Potrošnja domaćih materijala, po jedinici BDP-a",Kilogrami po konstanti američkog dolara,Rude obojenih metala,0.03826
2008,"Potrošnja domaćih materijala, po jedinici BDP-a",Kilogrami po konstanti američkog dolara,Rude obojenih metala,0.05092
2009,"Potrošnja domaćih materijala, po jedinici BDP-a",Kilogrami po konstanti američkog dolara,Rude obojenih metala,0.02766
2010,"Potrošnja domaćih materijala, po jedinici BDP-a",Kilogrami po konstanti američkog dolara,Rude obojenih metala,0.05125
2011,"Potrošnja domaćih materijala, po jedinici BDP-a",Kilogrami po konstanti američkog dolara,Rude obojenih metala,0.0503
2012,"Potrošnja domaćih materijala, po jedinici BDP-a",Kilogrami po konstanti američkog dolara,Rude obojenih metala,0.0526
2013,"Potrošnja domaćih materijala, po jedinici BDP-a",Kilogrami po konstanti američkog dolara,Rude obojenih metala,0.0504
2014,"Potrošnja domaćih materijala, po jedinici BDP-a",Kilogrami po konstanti američkog dolara,Rude obojenih metala,0.04335
2015,"Potrošnja domaćih materijala, po jedinici BDP-a",Kilogrami po konstanti američkog dolara,Rude obojenih metala,0.04425
2016,"Potrošnja domaćih materijala, po jedinici BDP-a",Kilogrami po konstanti američkog dolara,Rude obojenih metala,0.04503
2017,"Potrošnja domaćih materijala, po jedinici BDP-a",Kilogrami po konstanti američkog dolara,Rude obojenih metala,0.04578
2000,"Potrošnja domaćih materijala, po jedinici BDP-a",Kilogrami po konstanti američkog dolara,Nemetalni minerali - dominantni u industriji ili poljoprivredi,0.0591
2001,"Potrošnja domaćih materijala, po jedinici BDP-a",Kilogrami po konstanti američkog dolara,Nemetalni minerali - dominantni u industriji ili poljoprivredi,0.07705
2002,"Potrošnja domaćih materijala, po jedinici BDP-a",Kilogrami po konstanti američkog dolara,Nemetalni minerali - dominantni u industriji ili poljoprivredi,0.06679
2003,"Potrošnja domaćih materijala, po jedinici BDP-a",Kilogrami po konstanti američkog dolara,Nemetalni minerali - dominantni u industriji ili poljoprivredi,0.03509
2004,"Potrošnja domaćih materijala, po jedinici BDP-a",Kilogrami po konstanti američkog dolara,Nemetalni minerali - dominantni u industriji ili poljoprivredi,0.04688
2005,"Potrošnja domaćih materijala, po jedinici BDP-a",Kilogrami po konstanti američkog dolara,Nemetalni minerali - dominantni u industriji ili poljoprivredi,0.06634
2006,"Potrošnja domaćih materijala, po jedinici BDP-a",Kilogrami po konstanti američkog dolara,Nemetalni minerali - dominantni u industriji ili poljoprivredi,0.10729
2007,"Potrošnja domaćih materijala, po jedinici BDP-a",Kilogrami po konstanti američkog dolara,Nemetalni minerali - dominantni u industriji ili poljoprivredi,0.13823
2008,"Potrošnja domaćih materijala, po jedinici BDP-a",Kilogrami po konstanti američkog dolara,Nemetalni minerali - dominantni u industriji ili poljoprivredi,0.13384
2009,"Potrošnja domaćih materijala, po jedinici BDP-a",Kilogrami po konstanti američkog dolara,Nemetalni minerali - dominantni u industriji ili poljoprivredi,0.11479
2010,"Potrošnja domaćih materijala, po jedinici BDP-a",Kilogrami po konstanti američkog dolara,Nemetalni minerali - dominantni u industriji ili poljoprivredi,0.08803
2011,"Potrošnja domaćih materijala, po jedinici BDP-a",Kilogrami po konstanti američkog dolara,Nemetalni minerali - dominantni u industriji ili poljoprivredi,0.10815
2012,"Potrošnja domaćih materijala, po jedinici BDP-a",Kilogrami po konstanti američkog dolara,Nemetalni minerali - dominantni u industriji ili poljoprivredi,0.1082
2013,"Potrošnja domaćih materijala, po jedinici BDP-a",Kilogrami po konstanti američkog dolara,Nemetalni minerali - dominantni u industriji ili poljoprivredi,0.09168
2014,"Potrošnja domaćih materijala, po jedinici BDP-a",Kilogrami po konstanti američkog dolara,Nemetalni minerali - dominantni u industriji ili poljoprivredi,0.10124
2015,"Potrošnja domaćih materijala, po jedinici BDP-a",Kilogrami po konstanti američkog dolara,Nemetalni minerali - dominantni u industriji ili poljoprivredi,0.10345
2016,"Potrošnja domaćih materijala, po jedinici BDP-a",Kilogrami po konstanti američkog dolara,Nemetalni minerali - dominantni u industriji ili poljoprivredi,0.10536
2017,"Potrošnja domaćih materijala, po jedinici BDP-a",Kilogrami po konstanti američkog dolara,Nemetalni minerali - dominantni u industriji ili poljoprivredi,0.10718
2000,"Potrošnja domaćih materijala, po jedinici BDP-a",Kilogrami po konstanti američkog dolara,Nemetalni minerali - dominantna gradnja,0.53208
2001,"Potrošnja domaćih materijala, po jedinici BDP-a",Kilogrami po konstanti američkog dolara,Nemetalni minerali - dominantna gradnja,0.57069
2002,"Potrošnja domaćih materijala, po jedinici BDP-a",Kilogrami po konstanti američkog dolara,Nemetalni minerali - dominantna gradnja,0.653
2003,"Potrošnja domaćih materijala, po jedinici BDP-a",Kilogrami po konstanti američkog dolara,Nemetalni minerali - dominantna gradnja,1.06731
2004,"Potrošnja domaćih materijala, po jedinici BDP-a",Kilogrami po konstanti američkog dolara,Nemetalni minerali - dominantna gradnja,0.86938
2005,"Potrošnja domaćih materijala, po jedinici BDP-a",Kilogrami po konstanti američkog dolara,Nemetalni minerali - dominantna gradnja,0.64496
2006,"Potrošnja domaćih materijala, po jedinici BDP-a",Kilogrami po konstanti američkog dolara,Nemetalni minerali - dominantna gradnja,0.75758
2007,"Potrošnja domaćih materijala, po jedinici BDP-a",Kilogrami po konstanti američkog dolara,Nemetalni minerali - dominantna gradnja,0.79266
2008,"Potrošnja domaćih materijala, po jedinici BDP-a",Kilogrami po konstanti američkog dolara,Nemetalni minerali - dominantna gradnja,0.80594
2009,"Potrošnja domaćih materijala, po jedinici BDP-a",Kilogrami po konstanti američkog dolara,Nemetalni minerali - dominantna gradnja,0.79693
2010,"Potrošnja domaćih materijala, po jedinici BDP-a",Kilogrami po konstanti američkog dolara,Nemetalni minerali - dominantna gradnja,0.82002
2011,"Potrošnja domaćih materijala, po jedinici BDP-a",Kilogrami po konstanti američkog dolara,Nemetalni minerali - dominantna gradnja,0.76307
2012,"Potrošnja domaćih materijala, po jedinici BDP-a",Kilogrami po konstanti američkog dolara,Nemetalni minerali - dominantna gradnja,0.81051
2013,"Potrošnja domaćih materijala, po jedinici BDP-a",Kilogrami po konstanti američkog dolara,Nemetalni minerali - dominantna gradnja,0.88088
2014,"Potrošnja domaćih materijala, po jedinici BDP-a",Kilogrami po konstanti američkog dolara,Nemetalni minerali - dominantna gradnja,0.93902
2015,"Potrošnja domaćih materijala, po jedinici BDP-a",Kilogrami po konstanti američkog dolara,Nemetalni minerali - dominantna gradnja,0.9671
2016,"Potrošnja domaćih materijala, po jedinici BDP-a",Kilogrami po konstanti američkog dolara,Nemetalni minerali - dominantna gradnja,0.99199
2017,"Potrošnja domaćih materijala, po jedinici BDP-a",Kilogrami po konstanti američkog dolara,Nemetalni minerali - dominantna gradnja,1.01558
2000,"Potrošnja domaćih materijala, po jedinici BDP-a",Kilogrami po konstanti američkog dolara,Nemetalni minerali,0.59118
2001,"Potrošnja domaćih materijala, po jedinici BDP-a",Kilogrami po konstanti američkog dolara,Nemetalni minerali,0.64774
2002,"Potrošnja domaćih materijala, po jedinici BDP-a",Kilogrami po konstanti američkog dolara,Nemetalni minerali,0.71979
2003,"Potrošnja domaćih materijala, po jedinici BDP-a",Kilogrami po konstanti američkog dolara,Nemetalni minerali,1.1024
2004,"Potrošnja domaćih materijala, po jedinici BDP-a",Kilogrami po konstanti američkog dolara,Nemetalni minerali,0.91626
2005,"Potrošnja domaćih materijala, po jedinici BDP-a",Kilogrami po konstanti američkog dolara,Nemetalni minerali,0.71131
2006,"Potrošnja domaćih materijala, po jedinici BDP-a",Kilogrami po konstanti američkog dolara,Nemetalni minerali,0.86487
2007,"Potrošnja domaćih materijala, po jedinici BDP-a",Kilogrami po konstanti američkog dolara,Nemetalni minerali,0.9309
2008,"Potrošnja domaćih materijala, po jedinici BDP-a",Kilogrami po konstanti američkog dolara,Nemetalni minerali,0.93978
2009,"Potrošnja domaćih materijala, po jedinici BDP-a",Kilogrami po konstanti američkog dolara,Nemetalni minerali,0.91173
2010,"Potrošnja domaćih materijala, po jedinici BDP-a",Kilogrami po konstanti američkog dolara,Nemetalni minerali,0.90804
2011,"Potrošnja domaćih materijala, po jedinici BDP-a",Kilogrami po konstanti američkog dolara,Nemetalni minerali,0.87122
2012,"Potrošnja domaćih materijala, po jedinici BDP-a",Kilogrami po konstanti američkog dolara,Nemetalni minerali,0.91871
2013,"Potrošnja domaćih materijala, po jedinici BDP-a",Kilogrami po konstanti američkog dolara,Nemetalni minerali,0.97256
2014,"Potrošnja domaćih materijala, po jedinici BDP-a",Kilogrami po konstanti američkog dolara,Nemetalni minerali,1.04026
2015,"Potrošnja domaćih materijala, po jedinici BDP-a",Kilogrami po konstanti američkog dolara,Nemetalni minerali,1.07055
2016,"Potrošnja domaćih materijala, po jedinici BDP-a",Kilogrami po konstanti američkog dolara,Nemetalni minerali,1.09735
2017,"Potrošnja domaćih materijala, po jedinici BDP-a",Kilogrami po konstanti američkog dolara,Nemetalni minerali,1.12276
2000,"Potrošnja domaćih materijala, po jedinici BDP-a",Kilogrami po konstanti američkog dolara,Nafta,0.09524
2001,"Potrošnja domaćih materijala, po jedinici BDP-a",Kilogrami po konstanti američkog dolara,Nafta,0.09073
2002,"Potrošnja domaćih materijala, po jedinici BDP-a",Kilogrami po konstanti američkog dolara,Nafta,0.0836
2003,"Potrošnja domaćih materijala, po jedinici BDP-a",Kilogrami po konstanti američkog dolara,Nafta,0.07484
2004,"Potrošnja domaćih materijala, po jedinici BDP-a",Kilogrami po konstanti američkog dolara,Nafta,0.08265
2005,"Potrošnja domaćih materijala, po jedinici BDP-a",Kilogrami po konstanti američkog dolara,Nafta,0.07506
2006,"Potrošnja domaćih materijala, po jedinici BDP-a",Kilogrami po konstanti američkog dolara,Nafta,0.07635
2007,"Potrošnja domaćih materijala, po jedinici BDP-a",Kilogrami po konstanti američkog dolara,Nafta,0.07675
2008,"Potrošnja domaćih materijala, po jedinici BDP-a",Kilogrami po konstanti američkog dolara,Nafta,0.0838
2009,"Potrošnja domaćih materijala, po jedinici BDP-a",Kilogrami po konstanti američkog dolara,Nafta,0.09613
2010,"Potrošnja domaćih materijala, po jedinici BDP-a",Kilogrami po konstanti američkog dolara,Nafta,0.09723
2011,"Potrošnja domaćih materijala, po jedinici BDP-a",Kilogrami po konstanti američkog dolara,Nafta,0.09884
2012,"Potrošnja domaćih materijala, po jedinici BDP-a",Kilogrami po konstanti američkog dolara,Nafta,0.08914
2013,"Potrošnja domaćih materijala, po jedinici BDP-a",Kilogrami po konstanti američkog dolara,Nafta,0.08459
2014,"Potrošnja domaćih materijala, po jedinici BDP-a",Kilogrami po konstanti američkog dolara,Nafta,0.07779
2015,"Potrošnja domaćih materijala, po jedinici BDP-a",Kilogrami po konstanti američkog dolara,Nafta,0.07774
2016,"Potrošnja domaćih materijala, po jedinici BDP-a",Kilogrami po konstanti američkog dolara,Nafta,0.07757
2017,"Potrošnja domaćih materijala, po jedinici BDP-a",Kilogrami po konstanti američkog dolara,Nafta,0.07742
2000,"Potrošnja domaćih materijala, po jedinici BDP-a",Kilogrami po konstanti američkog dolara,Divlji ulov i žetva,0.0007
2001,"Potrošnja domaćih materijala, po jedinici BDP-a",Kilogrami po konstanti američkog dolara,Divlji ulov i žetva,0.0007
2002,"Potrošnja domaćih materijala, po jedinici BDP-a",Kilogrami po konstanti američkog dolara,Divlji ulov i žetva,0.00086
2003,"Potrošnja domaćih materijala, po jedinici BDP-a",Kilogrami po konstanti američkog dolara,Divlji ulov i žetva,0.00087
2004,"Potrošnja domaćih materijala, po jedinici BDP-a",Kilogrami po konstanti američkog dolara,Divlji ulov i žetva,0.00095
2005,"Potrošnja domaćih materijala, po jedinici BDP-a",Kilogrami po konstanti američkog dolara,Divlji ulov i žetva,0.00103
2006,"Potrošnja domaćih materijala, po jedinici BDP-a",Kilogrami po konstanti američkog dolara,Divlji ulov i žetva,0.00071
2007,"Potrošnja domaćih materijala, po jedinici BDP-a",Kilogrami po konstanti američkog dolara,Divlji ulov i žetva,0.00066
2008,"Potrošnja domaćih materijala, po jedinici BDP-a",Kilogrami po konstanti američkog dolara,Divlji ulov i žetva,0.00062
2009,"Potrošnja domaćih materijala, po jedinici BDP-a",Kilogrami po konstanti američkog dolara,Divlji ulov i žetva,0.0006
2010,"Potrošnja domaćih materijala, po jedinici BDP-a",Kilogrami po konstanti američkog dolara,Divlji ulov i žetva,0.00053
2011,"Potrošnja domaćih materijala, po jedinici BDP-a",Kilogrami po konstanti američkog dolara,Divlji ulov i žetva,0.00048
2012,"Potrošnja domaćih materijala, po jedinici BDP-a",Kilogrami po konstanti američkog dolara,Divlji ulov i žetva,0.00049
2013,"Potrošnja domaćih materijala, po jedinici BDP-a",Kilogrami po konstanti američkog dolara,Divlji ulov i žetva,0.0005
2014,"Potrošnja domaćih materijala, po jedinici BDP-a",Kilogrami po konstanti američkog dolara,Divlji ulov i žetva,0.0005
2015,"Potrošnja domaćih materijala, po jedinici BDP-a",Kilogrami po konstanti američkog dolara,Divlji ulov i žetva,0.00047
2016,"Potrošnja domaćih materijala, po jedinici BDP-a",Kilogrami po konstanti američkog dolara,Divlji ulov i žetva,0.00045
2017,"Potrošnja domaćih materijala, po jedinici BDP-a",Kilogrami po konstanti američkog dolara,Divlji ulov i žetva,0.00043
2000,"Potrošnja domaćih materijala, po jedinici BDP-a",Kilogrami po konstanti američkog dolara,Drvo,0.20564
2001,"Potrošnja domaćih materijala, po jedinici BDP-a",Kilogrami po konstanti američkog dolara,Drvo,0.17656
2002,"Potrošnja domaćih materijala, po jedinici BDP-a",Kilogrami po konstanti američkog dolara,Drvo,0.1888
2003,"Potrošnja domaćih materijala, po jedinici BDP-a",Kilogrami po konstanti američkog dolara,Drvo,0.17693
2004,"Potrošnja domaćih materijala, po jedinici BDP-a",Kilogrami po konstanti američkog dolara,Drvo,0.12747
2005,"Potrošnja domaćih materijala, po jedinici BDP-a",Kilogrami po konstanti američkog dolara,Drvo,0.12901
2006,"Potrošnja domaćih materijala, po jedinici BDP-a",Kilogrami po konstanti američkog dolara,Drvo,0.1348
2007,"Potrošnja domaćih materijala, po jedinici BDP-a",Kilogrami po konstanti američkog dolara,Drvo,0.1113
2008,"Potrošnja domaćih materijala, po jedinici BDP-a",Kilogrami po konstanti američkog dolara,Drvo,0.11595
2009,"Potrošnja domaćih materijala, po jedinici BDP-a",Kilogrami po konstanti američkog dolara,Drvo,0.10079
2010,"Potrošnja domaćih materijala, po jedinici BDP-a",Kilogrami po konstanti američkog dolara,Drvo,0.11215
2011,"Potrošnja domaćih materijala, po jedinici BDP-a",Kilogrami po konstanti američkog dolara,Drvo,0.11612
2012,"Potrošnja domaćih materijala, po jedinici BDP-a",Kilogrami po konstanti američkog dolara,Drvo,0.12145
2013,"Potrošnja domaćih materijala, po jedinici BDP-a",Kilogrami po konstanti američkog dolara,Drvo,0.1262
2014,"Potrošnja domaćih materijala, po jedinici BDP-a",Kilogrami po konstanti američkog dolara,Drvo,0.1198
2015,"Potrošnja domaćih materijala, po jedinici BDP-a",Kilogrami po konstanti američkog dolara,Drvo,0.10868
2016,"Potrošnja domaćih materijala, po jedinici BDP-a",Kilogrami po konstanti američkog dolara,Drvo,0.10473
2017,"Potrošnja domaćih materijala, po jedinici BDP-a",Kilogrami po konstanti američkog dolara,Drvo,0.10104
2000,Potrošnja domaćih materijala,Tone,Bez podjele,6925657.0
2001,Potrošnja domaćih materijala,Tone,Bez podjele,7512072.0
2002,Potrošnja domaćih materijala,Tone,Bez podjele,7782116.0
2003,Potrošnja domaćih materijala,Tone,Bez podjele,6224523.0
2004,Potrošnja domaćih materijala,Tone,Bez podjele,8323459.0
2005,Potrošnja domaćih materijala,Tone,Bez podjele,8329607.0
2006,Potrošnja domaćih materijala,Tone,Bez podjele,8604851.0
2007,Potrošnja domaćih materijala,Tone,Bez podjele,7841856.0
2008,Potrošnja domaćih materijala,Tone,Bez podjele,8899146.0
2009,Potrošnja domaćih materijala,Tone,Bez podjele,8491325.0
2010,Potrošnja domaćih materijala,Tone,Bez podjele,8296309.0
2011,Potrošnja domaćih materijala,Tone,Bez podjele,8310136.0
2012,Potrošnja domaćih materijala,Tone,Bez podjele,7469798.0
2013,Potrošnja domaćih materijala,Tone,Bez podjele,8718073.0
2014,Potrošnja domaćih materijala,Tone,Bez podjele,8291559.0
2015,Potrošnja domaćih materijala,Tone,Bez podjele,8273228.0
2016,Potrošnja domaćih materijala,Tone,Bez podjele,8382525.0
2017,Potrošnja domaćih materijala,Tone,Bez podjele,8491821.0
2000,Potrošnja domaćih materijala,Tone,Biomasa,6925657.0
2001,Potrošnja domaćih materijala,Tone,Biomasa,7512072.0
2002,Potrošnja domaćih materijala,Tone,Biomasa,7782116.0
2003,Potrošnja domaćih materijala,Tone,Biomasa,6224523.0
2004,Potrošnja domaćih materijala,Tone,Biomasa,8323459.0
2005,Potrošnja domaćih materijala,Tone,Biomasa,8329607.0
2006,Potrošnja domaćih materijala,Tone,Biomasa,8604851.0
2007,Potrošnja domaćih materijala,Tone,Biomasa,7841856.0
2008,Potrošnja domaćih materijala,Tone,Biomasa,8899146.0
2009,Potrošnja domaćih materijala,Tone,Biomasa,8491325.0
2010,Potrošnja domaćih materijala,Tone,Biomasa,8296309.0
2011,Potrošnja domaćih materijala,Tone,Biomasa,8310136.0
2012,Potrošnja domaćih materijala,Tone,Biomasa,7469798.0
2013,Potrošnja domaćih materijala,Tone,Biomasa,8718073.0
2014,Potrošnja domaćih materijala,Tone,Biomasa,8291559.0
2015,Potrošnja domaćih materijala,Tone,Biomasa,8273228.0
2016,Potrošnja domaćih materijala,Tone,Biomasa,8382525.0
2017,Potrošnja domaćih materijala,Tone,Biomasa,8491821.0
2000,Potrošnja domaćih materijala,Tone,Ugljen,7378000.0
2001,Potrošnja domaćih materijala,Tone,Ugljen,7495000.0
2002,Potrošnja domaćih materijala,Tone,Ugljen,7774000.0
2003,Potrošnja domaćih materijala,Tone,Ugljen,8429000.0
2004,Potrošnja domaćih materijala,Tone,Ugljen,8536000.0
2005,Potrošnja domaćih materijala,Tone,Ugljen,8979000.0
2006,Potrošnja domaćih materijala,Tone,Ugljen,9817000.0
2007,Potrošnja domaćih materijala,Tone,Ugljen,9607000.0
2008,Potrošnja domaćih materijala,Tone,Ugljen,11075000.0
2009,Potrošnja domaćih materijala,Tone,Ugljen,11728000.0
2010,Potrošnja domaćih materijala,Tone,Ugljen,11368000.0
2011,Potrošnja domaćih materijala,Tone,Ugljen,13132000.0
2012,Potrošnja domaćih materijala,Tone,Ugljen,12561000.0
2013,Potrošnja domaćih materijala,Tone,Ugljen,12315000.0
2014,Potrošnja domaćih materijala,Tone,Ugljen,12303000.0
2015,Potrošnja domaćih materijala,Tone,Ugljen,13704000.0
2016,Potrošnja domaćih materijala,Tone,Ugljen,14134591.0
2017,Potrošnja domaćih materijala,Tone,Ugljen,14565182.0
2000,Potrošnja domaćih materijala,Tone,Ostaci usjeva,1274913.0
2001,Potrošnja domaćih materijala,Tone,Ostaci usjeva,1631232.0
2002,Potrošnja domaćih materijala,Tone,Ostaci usjeva,1869727.0
2003,Potrošnja domaćih materijala,Tone,Ostaci usjeva,1150939.0
2004,Potrošnja domaćih materijala,Tone,Ostaci usjeva,2055582.0
2005,Potrošnja domaćih materijala,Tone,Ostaci usjeva,1967457.0
2006,Potrošnja domaćih materijala,Tone,Ostaci usjeva,1946952.0
2007,Potrošnja domaćih materijala,Tone,Ostaci usjeva,1441252.0
2008,Potrošnja domaćih materijala,Tone,Ostaci usjeva,1982034.0
2009,Potrošnja domaćih materijala,Tone,Ostaci usjeva,1983541.0
2010,Potrošnja domaćih materijala,Tone,Ostaci usjeva,1617069.0
2011,Potrošnja domaćih materijala,Tone,Ostaci usjeva,1613679.0
2012,Potrošnja domaćih materijala,Tone,Ostaci usjeva,1276287.0
2013,Potrošnja domaćih materijala,Tone,Ostaci usjeva,1734085.0
2014,Potrošnja domaćih materijala,Tone,Ostaci usjeva,1558809.0
2015,Potrošnja domaćih materijala,Tone,Ostaci usjeva,1559670.0
2016,Potrošnja domaćih materijala,Tone,Ostaci usjeva,1560531.0
2017,Potrošnja domaćih materijala,Tone,Ostaci usjeva,1561392.0
2000,Potrošnja domaćih materijala,Tone,Usjevi,2947535.0
2001,Potrošnja domaćih materijala,Tone,Usjevi,3621751.0
2002,Potrošnja domaćih materijala,Tone,Usjevi,3436185.0
2003,Potrošnja domaćih materijala,Tone,Usjevi,2659906.0
2004,Potrošnja domaćih materijala,Tone,Usjevi,4408017.0
2005,Potrošnja domaćih materijala,Tone,Usjevi,4300520.0
2006,Potrošnja domaćih materijala,Tone,Usjevi,4153998.0
2007,Potrošnja domaćih materijala,Tone,Usjevi,3773949.0
2008,Potrošnja domaćih materijala,Tone,Usjevi,4231476.0
2009,Potrošnja domaćih materijala,Tone,Usjevi,4129768.0
2010,Potrošnja domaćih materijala,Tone,Usjevi,3817818.0
2011,Potrošnja domaćih materijala,Tone,Usjevi,3811119.0
2012,Potrošnja domaćih materijala,Tone,Usjevi,3355493.0
2013,Potrošnja domaćih materijala,Tone,Usjevi,4007620.0
2014,Potrošnja domaćih materijala,Tone,Usjevi,3848757.0
2015,Potrošnja domaćih materijala,Tone,Usjevi,3900797.0
2016,Potrošnja domaćih materijala,Tone,Usjevi,3953837.0
2017,Potrošnja domaćih materijala,Tone,Usjevi,4006877.0
2000,Potrošnja domaćih materijala,Tone,Rude željeza,363000.0
2001,Potrošnja domaćih materijala,Tone,Rude željeza,264000.0
2002,Potrošnja domaćih materijala,Tone,Rude željeza,212000.0
2003,Potrošnja domaćih materijala,Tone,Rude željeza,271762.0
2004,Potrošnja domaćih materijala,Tone,Rude željeza,367790.0
2005,Potrošnja domaćih materijala,Tone,Rude željeza,1930316.0
2006,Potrošnja domaćih materijala,Tone,Rude željeza,2067141.0
2007,Potrošnja domaćih materijala,Tone,Rude željeza,2001352.0
2008,Potrošnja domaćih materijala,Tone,Rude željeza,2410638.0
2009,Potrošnja domaćih materijala,Tone,Rude željeza,2333265.0
2010,Potrošnja domaćih materijala,Tone,Rude željeza,841223.0
2011,Potrošnja domaćih materijala,Tone,Rude željeza,1066128.0
2012,Potrošnja domaćih materijala,Tone,Rude željeza,955854.0
2013,Potrošnja domaćih materijala,Tone,Rude željeza,1309470.0
2014,Potrošnja domaćih materijala,Tone,Rude željeza,1389676.0
2015,Potrošnja domaćih materijala,Tone,Rude željeza,1489794.0
2016,Potrošnja domaćih materijala,Tone,Rude željeza,1589912.0
2017,Potrošnja domaćih materijala,Tone,Rude željeza,1690030.0
2000,Potrošnja domaćih materijala,Tone,Fosilna goriva,8696585.0
2001,Potrošnja domaćih materijala,Tone,Fosilna goriva,8729640.0
2002,Potrošnja domaćih materijala,Tone,Fosilna goriva,8966593.0
2003,Potrošnja domaćih materijala,Tone,Fosilna goriva,9578052.0
2004,Potrošnja domaćih materijala,Tone,Fosilna goriva,9940564.0
2005,Potrošnja domaćih materijala,Tone,Fosilna goriva,10357386.0
2006,Potrošnja domaćih materijala,Tone,Fosilna goriva,11289840.0
2007,Potrošnja domaćih materijala,Tone,Fosilna goriva,11172316.0
2008,Potrošnja domaćih materijala,Tone,Fosilna goriva,12831129.0
2009,Potrošnja domaćih materijala,Tone,Fosilna goriva,13527645.0
2010,Potrošnja domaćih materijala,Tone,Fosilna goriva,13208622.0
2011,Potrošnja domaćih materijala,Tone,Fosilna goriva,15040166.0
2012,Potrošnja domaćih materijala,Tone,Fosilna goriva,14272837.0
2013,Potrošnja domaćih materijala,Tone,Fosilna goriva,13943173.0
2014,Potrošnja domaćih materijala,Tone,Fosilna goriva,13817450.0
2015,Potrošnja domaćih materijala,Tone,Fosilna goriva,15292774.0
2016,Potrošnja domaćih materijala,Tone,Fosilna goriva,15764357.0
2017,Potrošnja domaćih materijala,Tone,Fosilna goriva,16235940.0
2000,Potrošnja domaćih materijala,Tone,Prirodni plin,170585.0
2001,Potrošnja domaćih materijala,Tone,Prirodni plin,111640.0
2002,Potrošnja domaćih materijala,Tone,Prirodni plin,105593.0
2003,Potrošnja domaćih materijala,Tone,Prirodni plin,138052.0
2004,Potrošnja domaćih materijala,Tone,Prirodni plin,217564.0
2005,Potrošnja domaćih materijala,Tone,Prirodni plin,258386.0
2006,Potrošnja domaćih materijala,Tone,Prirodni plin,271840.0
2007,Potrošnja domaćih materijala,Tone,Prirodni plin,287316.0
2008,Potrošnja domaćih materijala,Tone,Prirodni plin,285129.0
2009,Potrošnja domaćih materijala,Tone,Prirodni plin,162645.0
2010,Potrošnja domaćih materijala,Tone,Prirodni plin,170622.0
2011,Potrošnja domaćih materijala,Tone,Prirodni plin,194166.0
2012,Potrošnja domaćih materijala,Tone,Prirodni plin,178837.0
2013,Potrošnja domaćih materijala,Tone,Prirodni plin,139173.0
2014,Potrošnja domaćih materijala,Tone,Prirodni plin,129450.0
2015,Potrošnja domaćih materijala,Tone,Prirodni plin,162167.0
2016,Potrošnja domaćih materijala,Tone,Prirodni plin,161552.0
2017,Potrošnja domaćih materijala,Tone,Prirodni plin,160936.0
2000,Potrošnja domaćih materijala,Tone,Stočna hrana i krmno bilje,215988.0
2001,Potrošnja domaćih materijala,Tone,Stočna hrana i krmno bilje,64934.0
2002,Potrošnja domaćih materijala,Tone,Stočna hrana i krmno bilje,10345.0
2003,Potrošnja domaćih materijala,Tone,Stočna hrana i krmno bilje,11871.0
2004,Potrošnja domaćih materijala,Tone,Stočna hrana i krmno bilje,15555.0
2005,Potrošnja domaćih materijala,Tone,Stočna hrana i krmno bilje,121154.0
2006,Potrošnja domaćih materijala,Tone,Stočna hrana i krmno bilje,372387.0
2007,Potrošnja domaćih materijala,Tone,Stočna hrana i krmno bilje,762407.0
2008,Potrošnja domaćih materijala,Tone,Stočna hrana i krmno bilje,639254.0
2009,Potrošnja domaćih materijala,Tone,Stočna hrana i krmno bilje,651569.0
2010,Potrošnja domaćih materijala,Tone,Stočna hrana i krmno bilje,926011.0
2011,Potrošnja domaćih materijala,Tone,Stočna hrana i krmno bilje,863410.0
2012,Potrošnja domaćih materijala,Tone,Stočna hrana i krmno bilje,741105.0
2013,Potrošnja domaćih materijala,Tone,Stočna hrana i krmno bilje,746135.0
2014,Potrošnja domaćih materijala,Tone,Stočna hrana i krmno bilje,742237.0
2015,Potrošnja domaćih materijala,Tone,Stočna hrana i krmno bilje,809734.0
2016,Potrošnja domaćih materijala,Tone,Stočna hrana i krmno bilje,877230.0
2017,Potrošnja domaćih materijala,Tone,Stočna hrana i krmno bilje,944726.0
2000,Potrošnja domaćih materijala,Tone,Metalne rude,617700.0
2001,Potrošnja domaćih materijala,Tone,Metalne rude,354000.0
2002,Potrošnja domaćih materijala,Tone,Metalne rude,283300.0
2003,Potrošnja domaćih materijala,Tone,Metalne rude,906482.0
2004,Potrošnja domaćih materijala,Tone,Metalne rude,1042616.0
2005,Potrošnja domaćih materijala,Tone,Metalne rude,2887739.0
2006,Potrošnja domaćih materijala,Tone,Metalne rude,2776722.0
2007,Potrošnja domaćih materijala,Tone,Metalne rude,2638404.0
2008,Potrošnja domaćih materijala,Tone,Metalne rude,3304467.0
2009,Potrošnja domaćih materijala,Tone,Metalne rude,2804338.0
2010,Potrošnja domaćih materijala,Tone,Metalne rude,1721511.0
2011,Potrošnja domaćih materijala,Tone,Metalne rude,1938285.0
2012,Potrošnja domaćih materijala,Tone,Metalne rude,1860499.0
2013,Potrošnja domaćih materijala,Tone,Metalne rude,2196611.0
2014,Potrošnja domaćih materijala,Tone,Metalne rude,2161488.0
2015,Potrošnja domaćih materijala,Tone,Metalne rude,2301911.0
2016,Potrošnja domaćih materijala,Tone,Metalne rude,2442334.0
2017,Potrošnja domaćih materijala,Tone,Metalne rude,2582757.0
2000,Potrošnja domaćih materijala,Tone,Rude obojenih metala,254700.0
2001,Potrošnja domaćih materijala,Tone,Rude obojenih metala,90000.0
2002,Potrošnja domaćih materijala,Tone,Rude obojenih metala,71300.0
2003,Potrošnja domaćih materijala,Tone,Rude obojenih metala,634719.0
2004,Potrošnja domaćih materijala,Tone,Rude obojenih metala,674826.0
2005,Potrošnja domaćih materijala,Tone,Rude obojenih metala,957423.0
2006,Potrošnja domaćih materijala,Tone,Rude obojenih metala,709581.0
2007,Potrošnja domaćih materijala,Tone,Rude obojenih metala,637052.0
2008,Potrošnja domaćih materijala,Tone,Rude obojenih metala,893829.0
2009,Potrošnja domaćih materijala,Tone,Rude obojenih metala,471073.0
2010,Potrošnja domaćih materijala,Tone,Rude obojenih metala,880288.0
2011,Potrošnja domaćih materijala,Tone,Rude obojenih metala,872157.0
2012,Potrošnja domaćih materijala,Tone,Rude obojenih metala,904645.0
2013,Potrošnja domaćih materijala,Tone,Rude obojenih metala,904645.0
2014,Potrošnja domaćih materijala,Tone,Rude obojenih metala,771812.0
2015,Potrošnja domaćih materijala,Tone,Rude obojenih metala,812117.0
2016,Potrošnja domaćih materijala,Tone,Rude obojenih metala,852422.0
2017,Potrošnja domaćih materijala,Tone,Rude obojenih metala,892727.0
2000,Potrošnja domaćih materijala,Tone,Nemetalni minerali - dominantni u industriji ili poljoprivredi,712400.0
2001,Potrošnja domaćih materijala,Tone,Nemetalni minerali - dominantni u industriji ili poljoprivredi,953712.0
2002,Potrošnja domaćih materijala,Tone,Nemetalni minerali - dominantni u industriji ili poljoprivredi,868329.0
2003,Potrošnja domaćih materijala,Tone,Nemetalni minerali - dominantni u industriji ili poljoprivredi,474027.0
2004,Potrošnja domaćih materijala,Tone,Nemetalni minerali - dominantni u industriji ili poljoprivredi,673221.0
2005,Potrošnja domaćih materijala,Tone,Nemetalni minerali - dominantni u industriji ili poljoprivredi,989939.0
2006,Potrošnja domaćih materijala,Tone,Nemetalni minerali - dominantni u industriji ili poljoprivredi,1687683.0
2007,Potrošnja domaćih materijala,Tone,Nemetalni minerali - dominantni u industriji ili poljoprivredi,2301692.0
2008,Potrošnja domaćih materijala,Tone,Nemetalni minerali - dominantni u industriji ili poljoprivredi,2349561.0
2009,Potrošnja domaćih materijala,Tone,Nemetalni minerali - dominantni u industriji ili poljoprivredi,1954762.0
2010,Potrošnja domaćih materijala,Tone,Nemetalni minerali - dominantni u industriji ili poljoprivredi,1511972.0
2011,Potrošnja domaćih materijala,Tone,Nemetalni minerali - dominantni u industriji ili poljoprivredi,1875354.0
2012,Potrošnja domaćih materijala,Tone,Nemetalni minerali - dominantni u industriji ili poljoprivredi,1860735.0
2013,Potrošnja domaćih materijala,Tone,Nemetalni minerali - dominantni u industriji ili poljoprivredi,1613745.0
2014,Potrošnja domaćih materijala,Tone,Nemetalni minerali - dominantni u industriji ili poljoprivredi,1802499.0
2015,Potrošnja domaćih materijala,Tone,Nemetalni minerali - dominantni u industriji ili poljoprivredi,1898417.0
2016,Potrošnja domaćih materijala,Tone,Nemetalni minerali - dominantni u industriji ili poljoprivredi,1994336.0
2017,Potrošnja domaćih materijala,Tone,Nemetalni minerali - dominantni u industriji ili poljoprivredi,2090255.0
2000,Potrošnja domaćih materijala,Tone,Nemetalni minerali - dominantna gradnja,6413484.0
2001,Potrošnja domaćih materijala,Tone,Nemetalni minerali - dominantna gradnja,7063890.0
2002,Potrošnja domaćih materijala,Tone,Nemetalni minerali - dominantna gradnja,8490140.0
2003,Potrošnja domaćih materijala,Tone,Nemetalni minerali - dominantna gradnja,14417888.0
2004,Potrošnja domaćih materijala,Tone,Nemetalni minerali - dominantna gradnja,12485677.0
2005,Potrošnja domaćih materijala,Tone,Nemetalni minerali - dominantna gradnja,9624076.0
2006,Potrošnja domaćih materijala,Tone,Nemetalni minerali - dominantna gradnja,11916651.0
2007,Potrošnja domaćih materijala,Tone,Nemetalni minerali - dominantna gradnja,13198376.0
2008,Potrošnja domaćih materijala,Tone,Nemetalni minerali - dominantna gradnja,14147934.0
2009,Potrošnja domaćih materijala,Tone,Nemetalni minerali - dominantna gradnja,13570620.0
2010,Potrošnja domaćih materijala,Tone,Nemetalni minerali - dominantna gradnja,14084845.0
2011,Potrošnja domaćih materijala,Tone,Nemetalni minerali - dominantna gradnja,13232058.0
2012,Potrošnja domaćih materijala,Tone,Nemetalni minerali - dominantna gradnja,13938610.0
2013,Potrošnja domaćih materijala,Tone,Nemetalni minerali - dominantna gradnja,15504799.0
2014,Potrošnja domaćih materijala,Tone,Nemetalni minerali - dominantna gradnja,16718248.0
2015,Potrošnja domaćih materijala,Tone,Nemetalni minerali - dominantna gradnja,17747401.0
2016,Potrošnja domaćih materijala,Tone,Nemetalni minerali - dominantna gradnja,18776554.0
2017,Potrošnja domaćih materijala,Tone,Nemetalni minerali - dominantna gradnja,19805706.0
2000,Potrošnja domaćih materijala,Tone,Nemetalni minerali,7125884.0
2001,Potrošnja domaćih materijala,Tone,Nemetalni minerali,8017602.0
2002,Potrošnja domaćih materijala,Tone,Nemetalni minerali,9358469.0
2003,Potrošnja domaćih materijala,Tone,Nemetalni minerali,14891914.0
2004,Potrošnja domaćih materijala,Tone,Nemetalni minerali,13158898.0
2005,Potrošnja domaćih materijala,Tone,Nemetalni minerali,10614015.0
2006,Potrošnja domaćih materijala,Tone,Nemetalni minerali,13604334.0
2007,Potrošnja domaćih materijala,Tone,Nemetalni minerali,15500068.0
2008,Potrošnja domaćih materijala,Tone,Nemetalni minerali,16497494.0
2009,Potrošnja domaćih materijala,Tone,Nemetalni minerali,15525382.0
2010,Potrošnja domaćih materijala,Tone,Nemetalni minerali,15596817.0
2011,Potrošnja domaćih materijala,Tone,Nemetalni minerali,15107412.0
2012,Potrošnja domaćih materijala,Tone,Nemetalni minerali,15799345.0
2013,Potrošnja domaćih materijala,Tone,Nemetalni minerali,17118544.0
2014,Potrošnja domaćih materijala,Tone,Nemetalni minerali,18520747.0
2015,Potrošnja domaćih materijala,Tone,Nemetalni minerali,19645818.0
2016,Potrošnja domaćih materijala,Tone,Nemetalni minerali,20770890.0
2017,Potrošnja domaćih materijala,Tone,Nemetalni minerali,21895961.0
2000,Potrošnja domaćih materijala,Tone,Nafta,1148000.0
2001,Potrošnja domaćih materijala,Tone,Nafta,1123000.0
2002,Potrošnja domaćih materijala,Tone,Nafta,1087000.0
2003,Potrošnja domaćih materijala,Tone,Nafta,1011000.0
2004,Potrošnja domaćih materijala,Tone,Nafta,1187000.0
2005,Potrošnja domaćih materijala,Tone,Nafta,1120000.0
2006,Potrošnja domaćih materijala,Tone,Nafta,1201000.0
2007,Potrošnja domaćih materijala,Tone,Nafta,1278000.0
2008,Potrošnja domaćih materijala,Tone,Nafta,1471000.0
2009,Potrošnja domaćih materijala,Tone,Nafta,1637000.0
2010,Potrošnja domaćih materijala,Tone,Nafta,1670000.0
2011,Potrošnja domaćih materijala,Tone,Nafta,1714000.0
2012,Potrošnja domaćih materijala,Tone,Nafta,1533000.0
2013,Potrošnja domaćih materijala,Tone,Nafta,1489000.0
2014,Potrošnja domaćih materijala,Tone,Nafta,1385000.0
2015,Potrošnja domaćih materijala,Tone,Nafta,1426607.0
2016,Potrošnja domaćih materijala,Tone,Nafta,1468214.0
2017,Potrošnja domaćih materijala,Tone,Nafta,1509821.0
2000,Potrošnja domaćih materijala,Tone,Divlji ulov i žetva,8465.0
2001,Potrošnja domaćih materijala,Tone,Divlji ulov i žetva,8679.0
2002,Potrošnja domaćih materijala,Tone,Divlji ulov i žetva,11182.0
2003,Potrošnja domaćih materijala,Tone,Divlji ulov i žetva,11748.0
2004,Potrošnja domaćih materijala,Tone,Divlji ulov i žetva,13649.0
2005,Potrošnja domaćih materijala,Tone,Divlji ulov i žetva,15432.0
2006,Potrošnja domaćih materijala,Tone,Divlji ulov i žetva,11180.0
2007,Potrošnja domaćih materijala,Tone,Divlji ulov i žetva,11029.0
2008,Potrošnja domaćih materijala,Tone,Divlji ulov i žetva,10938.0
2009,Potrošnja domaćih materijala,Tone,Divlji ulov i žetva,10162.0
2010,Potrošnja domaćih materijala,Tone,Divlji ulov i žetva,9106.0
2011,Potrošnja domaćih materijala,Tone,Divlji ulov i žetva,8310.0
2012,Potrošnja domaćih materijala,Tone,Divlji ulov i žetva,8391.0
2013,Potrošnja domaćih materijala,Tone,Divlji ulov i žetva,8855.0
2014,Potrošnja domaćih materijala,Tone,Divlji ulov i žetva,8855.0
2015,Potrošnja domaćih materijala,Tone,Divlji ulov i žetva,8682.0
2016,Potrošnja domaćih materijala,Tone,Divlji ulov i žetva,8510.0
2017,Potrošnja domaćih materijala,Tone,Divlji ulov i žetva,8337.0
2000,Potrošnja domaćih materijala,Tone,Drvo,2478757.0
2001,Potrošnja domaćih materijala,Tone,Drvo,2185477.0
2002,Potrošnja domaćih materijala,Tone,Drvo,2454677.0
2003,Potrošnja domaćih materijala,Tone,Drvo,2390059.0
2004,Potrošnja domaćih materijala,Tone,Drvo,1830655.0
2005,Potrošnja domaćih materijala,Tone,Drvo,1925044.0
2006,Potrošnja domaćih materijala,Tone,Drvo,2120334.0
2007,Potrošnja domaćih materijala,Tone,Drvo,1853219.0
2008,Potrošnja domaćih materijala,Tone,Drvo,2035444.0
2009,Potrošnja domaćih materijala,Tone,Drvo,1716285.0
2010,Potrošnja domaćih materijala,Tone,Drvo,1926305.0
2011,Potrošnja domaćih materijala,Tone,Drvo,2013618.0
2012,Potrošnja domaćih materijala,Tone,Drvo,2088522.0
2013,Potrošnja domaćih materijala,Tone,Drvo,2221379.0
2014,Potrošnja domaćih materijala,Tone,Drvo,2132902.0
2015,Potrošnja domaćih materijala,Tone,Drvo,1994345.0
2016,Potrošnja domaćih materijala,Tone,Drvo,1982417.0
2017,Potrošnja domaćih materijala,Tone,Drvo,1970489.0
