Year,SERIES,UNIT_MEASURE,URBANISATION,Value
2000,SH_SAN_DEFECT,PT,_T,0.66104
2001,SH_SAN_DEFECT,PT,_T,0.59606
2002,SH_SAN_DEFECT,PT,_T,0.53138
2003,SH_SAN_DEFECT,PT,_T,0.46701
2004,SH_SAN_DEFECT,PT,_T,0.40296
2005,SH_SAN_DEFECT,PT,_T,0.33923
2006,SH_SAN_DEFECT,PT,_T,0.27581
2007,SH_SAN_DEFECT,PT,_T,0.21271
2008,SH_SAN_DEFECT,PT,_T,0.14993
2009,SH_SAN_DEFECT,PT,_T,0.08747
2010,SH_SAN_DEFECT,PT,_T,0.02532
2011,SH_SAN_DEFECT,PT,_T,0.0
2012,SH_SAN_DEFECT,PT,_T,0.0
2013,SH_SAN_DEFECT,PT,_T,0.0
2014,SH_SAN_DEFECT,PT,_T,0.0
2015,SH_SAN_DEFECT,PT,_T,0.0
2016,SH_SAN_DEFECT,PT,_T,0.0
2017,SH_SAN_DEFECT,PT,_T,0.0
2000,SH_SAN_DEFECT,PT,R,0.87296
2001,SH_SAN_DEFECT,PT,R,0.7882
2002,SH_SAN_DEFECT,PT,R,0.70343
2003,SH_SAN_DEFECT,PT,R,0.61867
2004,SH_SAN_DEFECT,PT,R,0.53391
2005,SH_SAN_DEFECT,PT,R,0.44914
2006,SH_SAN_DEFECT,PT,R,0.36438
2007,SH_SAN_DEFECT,PT,R,0.27961
2008,SH_SAN_DEFECT,PT,R,0.19485
2009,SH_SAN_DEFECT,PT,R,0.11009
2010,SH_SAN_DEFECT,PT,R,0.02532
2011,SH_SAN_DEFECT,PT,R,0.0
2012,SH_SAN_DEFECT,PT,R,0.0
2013,SH_SAN_DEFECT,PT,R,0.0
2014,SH_SAN_DEFECT,PT,R,0.0
2015,SH_SAN_DEFECT,PT,R,0.0
2016,SH_SAN_DEFECT,PT,R,0.0
2017,SH_SAN_DEFECT,PT,R,0.0
2000,SH_SAN_DEFECT,PT,U,0.37296
2001,SH_SAN_DEFECT,PT,U,0.3382
2002,SH_SAN_DEFECT,PT,U,0.30343
2003,SH_SAN_DEFECT,PT,U,0.26867
2004,SH_SAN_DEFECT,PT,U,0.23391
2005,SH_SAN_DEFECT,PT,U,0.19914
2006,SH_SAN_DEFECT,PT,U,0.16438
2007,SH_SAN_DEFECT,PT,U,0.12961
2008,SH_SAN_DEFECT,PT,U,0.09485
2009,SH_SAN_DEFECT,PT,U,0.06009
2010,SH_SAN_DEFECT,PT,U,0.02532
2011,SH_SAN_DEFECT,PT,U,0.0
2012,SH_SAN_DEFECT,PT,U,0.0
2013,SH_SAN_DEFECT,PT,U,0.0
2014,SH_SAN_DEFECT,PT,U,0.0
2015,SH_SAN_DEFECT,PT,U,0.0
2016,SH_SAN_DEFECT,PT,U,0.0
2017,SH_SAN_DEFECT,PT,U,0.0
2000,SH_SAN_SAFE,PT,_T,18.75907
2001,SH_SAN_SAFE,PT,_T,18.54498
2002,SH_SAN_SAFE,PT,_T,18.66326
2003,SH_SAN_SAFE,PT,_T,18.82021
2004,SH_SAN_SAFE,PT,_T,18.97643
2005,SH_SAN_SAFE,PT,_T,19.13323
2006,SH_SAN_SAFE,PT,_T,19.28972
2007,SH_SAN_SAFE,PT,_T,19.4456
2008,SH_SAN_SAFE,PT,_T,19.6013
2009,SH_SAN_SAFE,PT,_T,19.75685
2010,SH_SAN_SAFE,PT,_T,19.91232
2011,SH_SAN_SAFE,PT,_T,20.06761
2012,SH_SAN_SAFE,PT,_T,20.22277
2013,SH_SAN_SAFE,PT,_T,20.39251
2014,SH_SAN_SAFE,PT,_T,20.59417
2015,SH_SAN_SAFE,PT,_T,20.91505
2016,SH_SAN_SAFE,PT,_T,21.23535
2017,SH_SAN_SAFE,PT,_T,21.55497
2000,SH_SAN_SAFE,PT,U,6.45104
2001,SH_SAN_SAFE,PT,U,6.25821
2002,SH_SAN_SAFE,PT,U,6.46762
2003,SH_SAN_SAFE,PT,U,6.72644
2004,SH_SAN_SAFE,PT,U,6.98753
2005,SH_SAN_SAFE,PT,U,7.24968
2006,SH_SAN_SAFE,PT,U,7.51401
2007,SH_SAN_SAFE,PT,U,7.78053
2008,SH_SAN_SAFE,PT,U,8.04923
2009,SH_SAN_SAFE,PT,U,8.32012
2010,SH_SAN_SAFE,PT,U,8.59319
2011,SH_SAN_SAFE,PT,U,8.86843
2012,SH_SAN_SAFE,PT,U,9.14586
2013,SH_SAN_SAFE,PT,U,9.49302
2014,SH_SAN_SAFE,PT,U,9.88303
2015,SH_SAN_SAFE,PT,U,10.34628
2016,SH_SAN_SAFE,PT,U,10.80952
2017,SH_SAN_SAFE,PT,U,11.27276
2008,SH_SAN_HNDWSH,PT,_T,97.09766
2009,SH_SAN_HNDWSH,PT,_T,97.10578
2010,SH_SAN_HNDWSH,PT,_T,97.1139
2011,SH_SAN_HNDWSH,PT,_T,97.12205
2012,SH_SAN_HNDWSH,PT,_T,97.13022
2013,SH_SAN_HNDWSH,PT,_T,97.13837
2014,SH_SAN_HNDWSH,PT,_T,97.14654
2015,SH_SAN_HNDWSH,PT,_T,97.15502
2016,SH_SAN_HNDWSH,PT,_T,97.1638
2008,SH_SAN_HNDWSH,PT,R,95.95402
2009,SH_SAN_HNDWSH,PT,R,95.95402
2010,SH_SAN_HNDWSH,PT,R,95.95402
2011,SH_SAN_HNDWSH,PT,R,95.95402
2012,SH_SAN_HNDWSH,PT,R,95.95402
2013,SH_SAN_HNDWSH,PT,R,95.95402
2014,SH_SAN_HNDWSH,PT,R,95.95402
2015,SH_SAN_HNDWSH,PT,R,95.95402
2016,SH_SAN_HNDWSH,PT,R,95.95402
2008,SH_SAN_HNDWSH,PT,U,98.49997
2009,SH_SAN_HNDWSH,PT,U,98.49997
2010,SH_SAN_HNDWSH,PT,U,98.49997
2011,SH_SAN_HNDWSH,PT,U,98.49997
2012,SH_SAN_HNDWSH,PT,U,98.49997
2013,SH_SAN_HNDWSH,PT,U,98.49997
2014,SH_SAN_HNDWSH,PT,U,98.49997
2015,SH_SAN_HNDWSH,PT,U,98.49997
2016,SH_SAN_HNDWSH,PT,U,98.49997
