Year,SERIES,UNIT_MEASURE,Value
2000,Zvanični grantovi za razvojnu pomoć za smanjenje siromaštva po zemljama primaocima (procenat BND-a),Procenat,0.50427
2001,Zvanični grantovi za razvojnu pomoć za smanjenje siromaštva po zemljama primaocima (procenat BND-a),Procenat,0.93125
2002,Zvanični grantovi za razvojnu pomoć za smanjenje siromaštva po zemljama primaocima (procenat BND-a),Procenat,0.13714
2003,Zvanični grantovi za razvojnu pomoć za smanjenje siromaštva po zemljama primaocima (procenat BND-a),Procenat,0.25946
2004,Zvanični grantovi za razvojnu pomoć za smanjenje siromaštva po zemljama primaocima (procenat BND-a),Procenat,0.23321
2005,Zvanični grantovi za razvojnu pomoć za smanjenje siromaštva po zemljama primaocima (procenat BND-a),Procenat,0.1206
2006,Zvanični grantovi za razvojnu pomoć za smanjenje siromaštva po zemljama primaocima (procenat BND-a),Procenat,0.14395
2007,Zvanični grantovi za razvojnu pomoć za smanjenje siromaštva po zemljama primaocima (procenat BND-a),Procenat,0.10574
2008,Zvanični grantovi za razvojnu pomoć za smanjenje siromaštva po zemljama primaocima (procenat BND-a),Procenat,0.0942
2009,Zvanični grantovi za razvojnu pomoć za smanjenje siromaštva po zemljama primaocima (procenat BND-a),Procenat,0.06307
2010,Zvanični grantovi za razvojnu pomoć za smanjenje siromaštva po zemljama primaocima (procenat BND-a),Procenat,0.14942
2011,Zvanični grantovi za razvojnu pomoć za smanjenje siromaštva po zemljama primaocima (procenat BND-a),Procenat,0.18138
2012,Zvanični grantovi za razvojnu pomoć za smanjenje siromaštva po zemljama primaocima (procenat BND-a),Procenat,0.27539
2013,Zvanični grantovi za razvojnu pomoć za smanjenje siromaštva po zemljama primaocima (procenat BND-a),Procenat,0.16629
2014,Zvanični grantovi za razvojnu pomoć za smanjenje siromaštva po zemljama primaocima (procenat BND-a),Procenat,0.09827
2015,Zvanični grantovi za razvojnu pomoć za smanjenje siromaštva po zemljama primaocima (procenat BND-a),Procenat,0.26383
2016,Zvanični grantovi za razvojnu pomoć za smanjenje siromaštva po zemljama primaocima (procenat BND-a),Procenat,0.16277
2017,Zvanični grantovi za razvojnu pomoć za smanjenje siromaštva po zemljama primaocima (procenat BND-a),Procenat,0.13437
2018,Zvanični grantovi za razvojnu pomoć za smanjenje siromaštva po zemljama primaocima (procenat BND-a),Procenat,0.07866
